"country","date","confirmed"
"Belarus",2020-01-22,0
"Belarus",2020-01-23,0
"Belarus",2020-01-24,0
"Belarus",2020-01-25,0
"Belarus",2020-01-26,0
"Belarus",2020-01-27,0
"Belarus",2020-01-28,0
"Belarus",2020-01-29,0
"Belarus",2020-01-30,0
"Belarus",2020-01-31,0
"Belarus",2020-02-01,0
"Belarus",2020-02-02,0
"Belarus",2020-02-03,0
"Belarus",2020-02-04,0
"Belarus",2020-02-05,0
"Belarus",2020-02-06,0
"Belarus",2020-02-07,0
"Belarus",2020-02-08,0
"Belarus",2020-02-09,0
"Belarus",2020-02-10,0
"Belarus",2020-02-11,0
"Belarus",2020-02-12,0
"Belarus",2020-02-13,0
"Belarus",2020-02-14,0
"Belarus",2020-02-15,0
"Belarus",2020-02-16,0
"Belarus",2020-02-17,0
"Belarus",2020-02-18,0
"Belarus",2020-02-19,0
"Belarus",2020-02-20,0
"Belarus",2020-02-21,0
"Belarus",2020-02-22,0
"Belarus",2020-02-23,0
"Belarus",2020-02-24,0
"Belarus",2020-02-25,0
"Belarus",2020-02-26,0
"Belarus",2020-02-27,0
"Belarus",2020-02-28,1
"Belarus",2020-02-29,1
"Belarus",2020-03-01,1
"Belarus",2020-03-02,1
"Belarus",2020-03-03,1
"Belarus",2020-03-04,6
"Belarus",2020-03-05,6
"Belarus",2020-03-06,6
"Belarus",2020-03-07,6
"Belarus",2020-03-08,6
"Belarus",2020-03-09,6
"Belarus",2020-03-10,9
"Belarus",2020-03-11,9
"Belarus",2020-03-12,12
"Belarus",2020-03-13,27
"Belarus",2020-03-14,27
"Belarus",2020-03-15,27
"Belarus",2020-03-16,36
"Belarus",2020-03-17,36
"Belarus",2020-03-18,51
"Belarus",2020-03-19,51
"Belarus",2020-03-20,69
"Belarus",2020-03-21,76
"Belarus",2020-03-22,76
"Belarus",2020-03-23,81
"Belarus",2020-03-24,81
"Belarus",2020-03-25,86
"Belarus",2020-03-26,86
"Belarus",2020-03-27,94
"Belarus",2020-03-28,94
"Belarus",2020-03-29,94
"Belarus",2020-03-30,152
"Belarus",2020-03-31,152
"Belarus",2020-04-01,163
"Belarus",2020-04-02,304
"Belarus",2020-04-03,351
"Belarus",2020-04-04,440
"Belarus",2020-04-05,562
"Belarus",2020-04-06,700
"Belarus",2020-04-07,861
"Belarus",2020-04-08,1066
"Belarus",2020-04-09,1486
"Belarus",2020-04-10,1981
"Belarus",2020-04-11,2226
"Belarus",2020-04-12,2578
"Belarus",2020-04-13,2919
"Belarus",2020-04-14,3281
"Belarus",2020-04-15,3728
"Belarus",2020-04-16,4204
"Belarus",2020-04-17,4779
"Belarus",2020-04-18,4779
"Belarus",2020-04-19,4779
"Belarus",2020-04-20,6264
"Belarus",2020-04-21,6723
"Belarus",2020-04-22,7281
"Belarus",2020-04-23,8022
"Belarus",2020-04-24,8773
"Belarus",2020-04-25,9590
"Belarus",2020-04-26,10463
"Belarus",2020-04-27,11289
"Belarus",2020-04-28,12208
"Belarus",2020-04-29,13181
"Belarus",2020-04-30,14027
"Belarus",2020-05-01,14917
"Belarus",2020-05-02,15828
"Belarus",2020-05-03,16705
"Belarus",2020-05-04,17489
"Belarus",2020-05-05,18350
"Belarus",2020-05-06,19255
"Belarus",2020-05-07,20168
"Belgium",2020-01-22,0
"Belgium",2020-01-23,0
"Belgium",2020-01-24,0
"Belgium",2020-01-25,0
"Belgium",2020-01-26,0
"Belgium",2020-01-27,0
"Belgium",2020-01-28,0
"Belgium",2020-01-29,0
"Belgium",2020-01-30,0
"Belgium",2020-01-31,0
"Belgium",2020-02-01,0
"Belgium",2020-02-02,0
"Belgium",2020-02-03,0
"Belgium",2020-02-04,1
"Belgium",2020-02-05,1
"Belgium",2020-02-06,1
"Belgium",2020-02-07,1
"Belgium",2020-02-08,1
"Belgium",2020-02-09,1
"Belgium",2020-02-10,1
"Belgium",2020-02-11,1
"Belgium",2020-02-12,1
"Belgium",2020-02-13,1
"Belgium",2020-02-14,1
"Belgium",2020-02-15,1
"Belgium",2020-02-16,1
"Belgium",2020-02-17,1
"Belgium",2020-02-18,1
"Belgium",2020-02-19,1
"Belgium",2020-02-20,1
"Belgium",2020-02-21,1
"Belgium",2020-02-22,1
"Belgium",2020-02-23,1
"Belgium",2020-02-24,1
"Belgium",2020-02-25,1
"Belgium",2020-02-26,1
"Belgium",2020-02-27,1
"Belgium",2020-02-28,1
"Belgium",2020-02-29,1
"Belgium",2020-03-01,2
"Belgium",2020-03-02,8
"Belgium",2020-03-03,13
"Belgium",2020-03-04,23
"Belgium",2020-03-05,50
"Belgium",2020-03-06,109
"Belgium",2020-03-07,169
"Belgium",2020-03-08,200
"Belgium",2020-03-09,239
"Belgium",2020-03-10,267
"Belgium",2020-03-11,314
"Belgium",2020-03-12,314
"Belgium",2020-03-13,559
"Belgium",2020-03-14,689
"Belgium",2020-03-15,886
"Belgium",2020-03-16,1058
"Belgium",2020-03-17,1243
"Belgium",2020-03-18,1486
"Belgium",2020-03-19,1795
"Belgium",2020-03-20,2257
"Belgium",2020-03-21,2815
"Belgium",2020-03-22,3401
"Belgium",2020-03-23,3743
"Belgium",2020-03-24,4269
"Belgium",2020-03-25,4937
"Belgium",2020-03-26,6235
"Belgium",2020-03-27,7284
"Belgium",2020-03-28,9134
"Belgium",2020-03-29,10836
"Belgium",2020-03-30,11899
"Belgium",2020-03-31,12775
"Belgium",2020-04-01,13964
"Belgium",2020-04-02,15348
"Belgium",2020-04-03,16770
"Belgium",2020-04-04,18431
"Belgium",2020-04-05,19691
"Belgium",2020-04-06,20814
"Belgium",2020-04-07,22194
"Belgium",2020-04-08,23403
"Belgium",2020-04-09,24983
"Belgium",2020-04-10,26667
"Belgium",2020-04-11,28018
"Belgium",2020-04-12,29647
"Belgium",2020-04-13,30589
"Belgium",2020-04-14,31119
"Belgium",2020-04-15,33573
"Belgium",2020-04-16,34809
"Belgium",2020-04-17,36138
"Belgium",2020-04-18,37183
"Belgium",2020-04-19,38496
"Belgium",2020-04-20,39983
"Belgium",2020-04-21,40956
"Belgium",2020-04-22,41889
"Belgium",2020-04-23,42797
"Belgium",2020-04-24,44293
"Belgium",2020-04-25,45325
"Belgium",2020-04-26,46134
"Belgium",2020-04-27,46687
"Belgium",2020-04-28,47334
"Belgium",2020-04-29,47859
"Belgium",2020-04-30,48519
"Belgium",2020-05-01,49032
"Belgium",2020-05-02,49517
"Belgium",2020-05-03,49906
"Belgium",2020-05-04,50267
"Belgium",2020-05-05,50509
"Belgium",2020-05-06,50781
"Belgium",2020-05-07,51420
"Brazil",2020-01-22,0
"Brazil",2020-01-23,0
"Brazil",2020-01-24,0
"Brazil",2020-01-25,0
"Brazil",2020-01-26,0
"Brazil",2020-01-27,0
"Brazil",2020-01-28,0
"Brazil",2020-01-29,0
"Brazil",2020-01-30,0
"Brazil",2020-01-31,0
"Brazil",2020-02-01,0
"Brazil",2020-02-02,0
"Brazil",2020-02-03,0
"Brazil",2020-02-04,0
"Brazil",2020-02-05,0
"Brazil",2020-02-06,0
"Brazil",2020-02-07,0
"Brazil",2020-02-08,0
"Brazil",2020-02-09,0
"Brazil",2020-02-10,0
"Brazil",2020-02-11,0
"Brazil",2020-02-12,0
"Brazil",2020-02-13,0
"Brazil",2020-02-14,0
"Brazil",2020-02-15,0
"Brazil",2020-02-16,0
"Brazil",2020-02-17,0
"Brazil",2020-02-18,0
"Brazil",2020-02-19,0
"Brazil",2020-02-20,0
"Brazil",2020-02-21,0
"Brazil",2020-02-22,0
"Brazil",2020-02-23,0
"Brazil",2020-02-24,0
"Brazil",2020-02-25,0
"Brazil",2020-02-26,1
"Brazil",2020-02-27,1
"Brazil",2020-02-28,1
"Brazil",2020-02-29,2
"Brazil",2020-03-01,2
"Brazil",2020-03-02,2
"Brazil",2020-03-03,2
"Brazil",2020-03-04,4
"Brazil",2020-03-05,4
"Brazil",2020-03-06,13
"Brazil",2020-03-07,13
"Brazil",2020-03-08,20
"Brazil",2020-03-09,25
"Brazil",2020-03-10,31
"Brazil",2020-03-11,38
"Brazil",2020-03-12,52
"Brazil",2020-03-13,151
"Brazil",2020-03-14,151
"Brazil",2020-03-15,162
"Brazil",2020-03-16,200
"Brazil",2020-03-17,321
"Brazil",2020-03-18,372
"Brazil",2020-03-19,621
"Brazil",2020-03-20,793
"Brazil",2020-03-21,1021
"Brazil",2020-03-22,1546
"Brazil",2020-03-23,1924
"Brazil",2020-03-24,2247
"Brazil",2020-03-25,2554
"Brazil",2020-03-26,2985
"Brazil",2020-03-27,3417
"Brazil",2020-03-28,3904
"Brazil",2020-03-29,4256
"Brazil",2020-03-30,4579
"Brazil",2020-03-31,5717
"Brazil",2020-04-01,6836
"Brazil",2020-04-02,8044
"Brazil",2020-04-03,9056
"Brazil",2020-04-04,10360
"Brazil",2020-04-05,11130
"Brazil",2020-04-06,12161
"Brazil",2020-04-07,14034
"Brazil",2020-04-08,16170
"Brazil",2020-04-09,18092
"Brazil",2020-04-10,19638
"Brazil",2020-04-11,20727
"Brazil",2020-04-12,22192
"Brazil",2020-04-13,23430
"Brazil",2020-04-14,25262
"Brazil",2020-04-15,28320
"Brazil",2020-04-16,30425
"Brazil",2020-04-17,33682
"Brazil",2020-04-18,36658
"Brazil",2020-04-19,38654
"Brazil",2020-04-20,40743
"Brazil",2020-04-21,43079
"Brazil",2020-04-22,45757
"Brazil",2020-04-23,50036
"Brazil",2020-04-24,54043
"Brazil",2020-04-25,59324
"Brazil",2020-04-26,63100
"Brazil",2020-04-27,67446
"Brazil",2020-04-28,73235
"Brazil",2020-04-29,79685
"Brazil",2020-04-30,87187
"Brazil",2020-05-01,92202
"Brazil",2020-05-02,97100
"Brazil",2020-05-03,101826
"Brazil",2020-05-04,108620
"Brazil",2020-05-05,115455
"Brazil",2020-05-06,126611
"Brazil",2020-05-07,135773
"Canada",2020-01-22,0
"Canada",2020-01-23,0
"Canada",2020-01-24,0
"Canada",2020-01-25,0
"Canada",2020-01-26,1
"Canada",2020-01-27,1
"Canada",2020-01-28,2
"Canada",2020-01-29,2
"Canada",2020-01-30,2
"Canada",2020-01-31,4
"Canada",2020-02-01,4
"Canada",2020-02-02,4
"Canada",2020-02-03,4
"Canada",2020-02-04,4
"Canada",2020-02-05,5
"Canada",2020-02-06,5
"Canada",2020-02-07,7
"Canada",2020-02-08,7
"Canada",2020-02-09,7
"Canada",2020-02-10,7
"Canada",2020-02-11,7
"Canada",2020-02-12,7
"Canada",2020-02-13,7
"Canada",2020-02-14,7
"Canada",2020-02-15,7
"Canada",2020-02-16,7
"Canada",2020-02-17,8
"Canada",2020-02-18,8
"Canada",2020-02-19,8
"Canada",2020-02-20,8
"Canada",2020-02-21,9
"Canada",2020-02-22,9
"Canada",2020-02-23,9
"Canada",2020-02-24,10
"Canada",2020-02-25,11
"Canada",2020-02-26,11
"Canada",2020-02-27,13
"Canada",2020-02-28,14
"Canada",2020-02-29,20
"Canada",2020-03-01,24
"Canada",2020-03-02,27
"Canada",2020-03-03,30
"Canada",2020-03-04,33
"Canada",2020-03-05,37
"Canada",2020-03-06,49
"Canada",2020-03-07,54
"Canada",2020-03-08,64
"Canada",2020-03-09,77
"Canada",2020-03-10,79
"Canada",2020-03-11,108
"Canada",2020-03-12,117
"Canada",2020-03-13,193
"Canada",2020-03-14,198
"Canada",2020-03-15,252
"Canada",2020-03-16,415
"Canada",2020-03-17,478
"Canada",2020-03-18,657
"Canada",2020-03-19,800
"Canada",2020-03-20,943
"Canada",2020-03-21,1277
"Canada",2020-03-22,1469
"Canada",2020-03-23,2088
"Canada",2020-03-24,2790
"Canada",2020-03-25,3251
"Canada",2020-03-26,4042
"Canada",2020-03-27,4682
"Canada",2020-03-28,5576
"Canada",2020-03-29,6280
"Canada",2020-03-30,7398
"Canada",2020-03-31,8527
"Canada",2020-04-01,9560
"Canada",2020-04-02,11284
"Canada",2020-04-03,12437
"Canada",2020-04-04,12978
"Canada",2020-04-05,15756
"Canada",2020-04-06,16563
"Canada",2020-04-07,17872
"Canada",2020-04-08,19141
"Canada",2020-04-09,20654
"Canada",2020-04-10,22059
"Canada",2020-04-11,23316
"Canada",2020-04-12,24299
"Canada",2020-04-13,25680
"Canada",2020-04-14,27035
"Canada",2020-04-15,28209
"Canada",2020-04-16,30809
"Canada",2020-04-17,32814
"Canada",2020-04-18,34356
"Canada",2020-04-19,35633
"Canada",2020-04-20,37658
"Canada",2020-04-21,39402
"Canada",2020-04-22,41663
"Canada",2020-04-23,43299
"Canada",2020-04-24,44919
"Canada",2020-04-25,46371
"Canada",2020-04-26,48033
"Canada",2020-04-27,49616
"Canada",2020-04-28,51150
"Canada",2020-04-29,52865
"Canada",2020-04-30,54457
"Canada",2020-05-01,56343
"Canada",2020-05-02,57926
"Canada",2020-05-03,60504
"Canada",2020-05-04,61957
"Canada",2020-05-05,63215
"Canada",2020-05-06,64694
"Canada",2020-05-07,66201
"Chile",2020-01-22,0
"Chile",2020-01-23,0
"Chile",2020-01-24,0
"Chile",2020-01-25,0
"Chile",2020-01-26,0
"Chile",2020-01-27,0
"Chile",2020-01-28,0
"Chile",2020-01-29,0
"Chile",2020-01-30,0
"Chile",2020-01-31,0
"Chile",2020-02-01,0
"Chile",2020-02-02,0
"Chile",2020-02-03,0
"Chile",2020-02-04,0
"Chile",2020-02-05,0
"Chile",2020-02-06,0
"Chile",2020-02-07,0
"Chile",2020-02-08,0
"Chile",2020-02-09,0
"Chile",2020-02-10,0
"Chile",2020-02-11,0
"Chile",2020-02-12,0
"Chile",2020-02-13,0
"Chile",2020-02-14,0
"Chile",2020-02-15,0
"Chile",2020-02-16,0
"Chile",2020-02-17,0
"Chile",2020-02-18,0
"Chile",2020-02-19,0
"Chile",2020-02-20,0
"Chile",2020-02-21,0
"Chile",2020-02-22,0
"Chile",2020-02-23,0
"Chile",2020-02-24,0
"Chile",2020-02-25,0
"Chile",2020-02-26,0
"Chile",2020-02-27,0
"Chile",2020-02-28,0
"Chile",2020-02-29,0
"Chile",2020-03-01,0
"Chile",2020-03-02,0
"Chile",2020-03-03,1
"Chile",2020-03-04,1
"Chile",2020-03-05,4
"Chile",2020-03-06,4
"Chile",2020-03-07,4
"Chile",2020-03-08,8
"Chile",2020-03-09,8
"Chile",2020-03-10,13
"Chile",2020-03-11,23
"Chile",2020-03-12,23
"Chile",2020-03-13,43
"Chile",2020-03-14,61
"Chile",2020-03-15,74
"Chile",2020-03-16,155
"Chile",2020-03-17,201
"Chile",2020-03-18,238
"Chile",2020-03-19,238
"Chile",2020-03-20,434
"Chile",2020-03-21,537
"Chile",2020-03-22,632
"Chile",2020-03-23,746
"Chile",2020-03-24,922
"Chile",2020-03-25,1142
"Chile",2020-03-26,1306
"Chile",2020-03-27,1610
"Chile",2020-03-28,1909
"Chile",2020-03-29,2139
"Chile",2020-03-30,2449
"Chile",2020-03-31,2738
"Chile",2020-04-01,3031
"Chile",2020-04-02,3404
"Chile",2020-04-03,3737
"Chile",2020-04-04,4161
"Chile",2020-04-05,4471
"Chile",2020-04-06,4815
"Chile",2020-04-07,5116
"Chile",2020-04-08,5546
"Chile",2020-04-09,5972
"Chile",2020-04-10,6501
"Chile",2020-04-11,6927
"Chile",2020-04-12,7213
"Chile",2020-04-13,7525
"Chile",2020-04-14,7917
"Chile",2020-04-15,8273
"Chile",2020-04-16,8807
"Chile",2020-04-17,9252
"Chile",2020-04-18,9730
"Chile",2020-04-19,10088
"Chile",2020-04-20,10507
"Chile",2020-04-21,10832
"Chile",2020-04-22,11296
"Chile",2020-04-23,11812
"Chile",2020-04-24,12306
"Chile",2020-04-25,12858
"Chile",2020-04-26,13331
"Chile",2020-04-27,13813
"Chile",2020-04-28,14365
"Chile",2020-04-29,14885
"Chile",2020-04-30,16023
"Chile",2020-05-01,17008
"Chile",2020-05-02,18435
"Chile",2020-05-03,19663
"Chile",2020-05-04,20643
"Chile",2020-05-05,22016
"Chile",2020-05-06,23048
"Chile",2020-05-07,24581
"China",2020-01-22,548
"China",2020-01-23,643
"China",2020-01-24,920
"China",2020-01-25,1406
"China",2020-01-26,2075
"China",2020-01-27,2877
"China",2020-01-28,5509
"China",2020-01-29,6087
"China",2020-01-30,8141
"China",2020-01-31,9802
"China",2020-02-01,11891
"China",2020-02-02,16630
"China",2020-02-03,19716
"China",2020-02-04,23707
"China",2020-02-05,27440
"China",2020-02-06,30587
"China",2020-02-07,34110
"China",2020-02-08,36814
"China",2020-02-09,39829
"China",2020-02-10,42354
"China",2020-02-11,44386
"China",2020-02-12,44759
"China",2020-02-13,59895
"China",2020-02-14,66358
"China",2020-02-15,68413
"China",2020-02-16,70513
"China",2020-02-17,72434
"China",2020-02-18,74211
"China",2020-02-19,74619
"China",2020-02-20,75077
"China",2020-02-21,75550
"China",2020-02-22,77001
"China",2020-02-23,77022
"China",2020-02-24,77241
"China",2020-02-25,77754
"China",2020-02-26,78166
"China",2020-02-27,78600
"China",2020-02-28,78928
"China",2020-02-29,79356
"China",2020-03-01,79932
"China",2020-03-02,80136
"China",2020-03-03,80261
"China",2020-03-04,80386
"China",2020-03-05,80537
"China",2020-03-06,80690
"China",2020-03-07,80770
"China",2020-03-08,80823
"China",2020-03-09,80860
"China",2020-03-10,80887
"China",2020-03-11,80921
"China",2020-03-12,80932
"China",2020-03-13,80945
"China",2020-03-14,80977
"China",2020-03-15,81003
"China",2020-03-16,81033
"China",2020-03-17,81058
"China",2020-03-18,81102
"China",2020-03-19,81156
"China",2020-03-20,81250
"China",2020-03-21,81305
"China",2020-03-22,81435
"China",2020-03-23,81498
"China",2020-03-24,81591
"China",2020-03-25,81661
"China",2020-03-26,81782
"China",2020-03-27,81897
"China",2020-03-28,81999
"China",2020-03-29,82122
"China",2020-03-30,82198
"China",2020-03-31,82279
"China",2020-04-01,82361
"China",2020-04-02,82432
"China",2020-04-03,82511
"China",2020-04-04,82543
"China",2020-04-05,82602
"China",2020-04-06,82665
"China",2020-04-07,82718
"China",2020-04-08,82809
"China",2020-04-09,82883
"China",2020-04-10,82941
"China",2020-04-11,83014
"China",2020-04-12,83134
"China",2020-04-13,83213
"China",2020-04-14,83306
"China",2020-04-15,83356
"China",2020-04-16,83403
"China",2020-04-17,83760
"China",2020-04-18,83787
"China",2020-04-19,83805
"China",2020-04-20,83817
"China",2020-04-21,83853
"China",2020-04-22,83868
"China",2020-04-23,83884
"China",2020-04-24,83899
"China",2020-04-25,83909
"China",2020-04-26,83912
"China",2020-04-27,83918
"China",2020-04-28,83940
"China",2020-04-29,83944
"China",2020-04-30,83956
"China",2020-05-01,83959
"China",2020-05-02,83959
"China",2020-05-03,83964
"China",2020-05-04,83966
"China",2020-05-05,83968
"China",2020-05-06,83970
"China",2020-05-07,83975
"Ecuador",2020-01-22,0
"Ecuador",2020-01-23,0
"Ecuador",2020-01-24,0
"Ecuador",2020-01-25,0
"Ecuador",2020-01-26,0
"Ecuador",2020-01-27,0
"Ecuador",2020-01-28,0
"Ecuador",2020-01-29,0
"Ecuador",2020-01-30,0
"Ecuador",2020-01-31,0
"Ecuador",2020-02-01,0
"Ecuador",2020-02-02,0
"Ecuador",2020-02-03,0
"Ecuador",2020-02-04,0
"Ecuador",2020-02-05,0
"Ecuador",2020-02-06,0
"Ecuador",2020-02-07,0
"Ecuador",2020-02-08,0
"Ecuador",2020-02-09,0
"Ecuador",2020-02-10,0
"Ecuador",2020-02-11,0
"Ecuador",2020-02-12,0
"Ecuador",2020-02-13,0
"Ecuador",2020-02-14,0
"Ecuador",2020-02-15,0
"Ecuador",2020-02-16,0
"Ecuador",2020-02-17,0
"Ecuador",2020-02-18,0
"Ecuador",2020-02-19,0
"Ecuador",2020-02-20,0
"Ecuador",2020-02-21,0
"Ecuador",2020-02-22,0
"Ecuador",2020-02-23,0
"Ecuador",2020-02-24,0
"Ecuador",2020-02-25,0
"Ecuador",2020-02-26,0
"Ecuador",2020-02-27,0
"Ecuador",2020-02-28,0
"Ecuador",2020-02-29,0
"Ecuador",2020-03-01,6
"Ecuador",2020-03-02,6
"Ecuador",2020-03-03,7
"Ecuador",2020-03-04,10
"Ecuador",2020-03-05,13
"Ecuador",2020-03-06,13
"Ecuador",2020-03-07,13
"Ecuador",2020-03-08,14
"Ecuador",2020-03-09,15
"Ecuador",2020-03-10,15
"Ecuador",2020-03-11,17
"Ecuador",2020-03-12,17
"Ecuador",2020-03-13,17
"Ecuador",2020-03-14,28
"Ecuador",2020-03-15,28
"Ecuador",2020-03-16,37
"Ecuador",2020-03-17,58
"Ecuador",2020-03-18,111
"Ecuador",2020-03-19,199
"Ecuador",2020-03-20,367
"Ecuador",2020-03-21,506
"Ecuador",2020-03-22,789
"Ecuador",2020-03-23,981
"Ecuador",2020-03-24,1082
"Ecuador",2020-03-25,1173
"Ecuador",2020-03-26,1403
"Ecuador",2020-03-27,1595
"Ecuador",2020-03-28,1823
"Ecuador",2020-03-29,1924
"Ecuador",2020-03-30,1962
"Ecuador",2020-03-31,2240
"Ecuador",2020-04-01,2748
"Ecuador",2020-04-02,3163
"Ecuador",2020-04-03,3368
"Ecuador",2020-04-04,3465
"Ecuador",2020-04-05,3646
"Ecuador",2020-04-06,3747
"Ecuador",2020-04-07,3747
"Ecuador",2020-04-08,4450
"Ecuador",2020-04-09,4965
"Ecuador",2020-04-10,7161
"Ecuador",2020-04-11,7257
"Ecuador",2020-04-12,7466
"Ecuador",2020-04-13,7529
"Ecuador",2020-04-14,7603
"Ecuador",2020-04-15,7858
"Ecuador",2020-04-16,8225
"Ecuador",2020-04-17,8450
"Ecuador",2020-04-18,9022
"Ecuador",2020-04-19,9468
"Ecuador",2020-04-20,10128
"Ecuador",2020-04-21,10398
"Ecuador",2020-04-22,10850
"Ecuador",2020-04-23,11183
"Ecuador",2020-04-24,22719
"Ecuador",2020-04-25,22719
"Ecuador",2020-04-26,22719
"Ecuador",2020-04-27,23240
"Ecuador",2020-04-28,24258
"Ecuador",2020-04-29,24675
"Ecuador",2020-04-30,24934
"Ecuador",2020-05-01,26336
"Ecuador",2020-05-02,27464
"Ecuador",2020-05-03,29538
"Ecuador",2020-05-04,31881
"Ecuador",2020-05-05,31881
"Ecuador",2020-05-06,31881
"Ecuador",2020-05-07,30298
"France",2020-01-22,0
"France",2020-01-23,0
"France",2020-01-24,2
"France",2020-01-25,3
"France",2020-01-26,3
"France",2020-01-27,3
"France",2020-01-28,4
"France",2020-01-29,5
"France",2020-01-30,5
"France",2020-01-31,5
"France",2020-02-01,6
"France",2020-02-02,6
"France",2020-02-03,6
"France",2020-02-04,6
"France",2020-02-05,6
"France",2020-02-06,6
"France",2020-02-07,6
"France",2020-02-08,11
"France",2020-02-09,11
"France",2020-02-10,11
"France",2020-02-11,11
"France",2020-02-12,11
"France",2020-02-13,11
"France",2020-02-14,11
"France",2020-02-15,12
"France",2020-02-16,12
"France",2020-02-17,12
"France",2020-02-18,12
"France",2020-02-19,12
"France",2020-02-20,12
"France",2020-02-21,12
"France",2020-02-22,12
"France",2020-02-23,12
"France",2020-02-24,12
"France",2020-02-25,14
"France",2020-02-26,18
"France",2020-02-27,38
"France",2020-02-28,57
"France",2020-02-29,100
"France",2020-03-01,130
"France",2020-03-02,191
"France",2020-03-03,204
"France",2020-03-04,288
"France",2020-03-05,380
"France",2020-03-06,656
"France",2020-03-07,959
"France",2020-03-08,1136
"France",2020-03-09,1219
"France",2020-03-10,1794
"France",2020-03-11,2293
"France",2020-03-12,2293
"France",2020-03-13,3681
"France",2020-03-14,4496
"France",2020-03-15,4532
"France",2020-03-16,6683
"France",2020-03-17,7715
"France",2020-03-18,9124
"France",2020-03-19,10970
"France",2020-03-20,12758
"France",2020-03-21,14463
"France",2020-03-22,16243
"France",2020-03-23,20123
"France",2020-03-24,22622
"France",2020-03-25,25600
"France",2020-03-26,29551
"France",2020-03-27,33402
"France",2020-03-28,38105
"France",2020-03-29,40708
"France",2020-03-30,45170
"France",2020-03-31,52827
"France",2020-04-01,57749
"France",2020-04-02,59929
"France",2020-04-03,65202
"France",2020-04-04,69500
"France",2020-04-05,71412
"France",2020-04-06,75343
"France",2020-04-07,79163
"France",2020-04-08,83057
"France",2020-04-09,87366
"France",2020-04-10,91738
"France",2020-04-11,94863
"France",2020-04-12,121712
"France",2020-04-13,125394
"France",2020-04-14,130365
"France",2020-04-15,133585
"France",2020-04-16,146075
"France",2020-04-17,148084
"France",2020-04-18,148086
"France",2020-04-19,153011
"France",2020-04-20,155393
"France",2020-04-21,158168
"France",2020-04-22,155980
"France",2020-04-23,158303
"France",2020-04-24,159952
"France",2020-04-25,161644
"France",2020-04-26,162220
"France",2020-04-27,165963
"France",2020-04-28,169053
"France",2020-04-29,166543
"France",2020-04-30,167299
"France",2020-05-01,167305
"France",2020-05-02,168518
"France",2020-05-03,168925
"France",2020-05-04,169583
"France",2020-05-05,170687
"France",2020-05-06,174224
"France",2020-05-07,174918
"Germany",2020-01-22,0
"Germany",2020-01-23,0
"Germany",2020-01-24,0
"Germany",2020-01-25,0
"Germany",2020-01-26,0
"Germany",2020-01-27,1
"Germany",2020-01-28,4
"Germany",2020-01-29,4
"Germany",2020-01-30,4
"Germany",2020-01-31,5
"Germany",2020-02-01,8
"Germany",2020-02-02,10
"Germany",2020-02-03,12
"Germany",2020-02-04,12
"Germany",2020-02-05,12
"Germany",2020-02-06,12
"Germany",2020-02-07,13
"Germany",2020-02-08,13
"Germany",2020-02-09,14
"Germany",2020-02-10,14
"Germany",2020-02-11,16
"Germany",2020-02-12,16
"Germany",2020-02-13,16
"Germany",2020-02-14,16
"Germany",2020-02-15,16
"Germany",2020-02-16,16
"Germany",2020-02-17,16
"Germany",2020-02-18,16
"Germany",2020-02-19,16
"Germany",2020-02-20,16
"Germany",2020-02-21,16
"Germany",2020-02-22,16
"Germany",2020-02-23,16
"Germany",2020-02-24,16
"Germany",2020-02-25,17
"Germany",2020-02-26,27
"Germany",2020-02-27,46
"Germany",2020-02-28,48
"Germany",2020-02-29,79
"Germany",2020-03-01,130
"Germany",2020-03-02,159
"Germany",2020-03-03,196
"Germany",2020-03-04,262
"Germany",2020-03-05,482
"Germany",2020-03-06,670
"Germany",2020-03-07,799
"Germany",2020-03-08,1040
"Germany",2020-03-09,1176
"Germany",2020-03-10,1457
"Germany",2020-03-11,1908
"Germany",2020-03-12,2078
"Germany",2020-03-13,3675
"Germany",2020-03-14,4585
"Germany",2020-03-15,5795
"Germany",2020-03-16,7272
"Germany",2020-03-17,9257
"Germany",2020-03-18,12327
"Germany",2020-03-19,15320
"Germany",2020-03-20,19848
"Germany",2020-03-21,22213
"Germany",2020-03-22,24873
"Germany",2020-03-23,29056
"Germany",2020-03-24,32986
"Germany",2020-03-25,37323
"Germany",2020-03-26,43938
"Germany",2020-03-27,50871
"Germany",2020-03-28,57695
"Germany",2020-03-29,62095
"Germany",2020-03-30,66885
"Germany",2020-03-31,71808
"Germany",2020-04-01,77872
"Germany",2020-04-02,84794
"Germany",2020-04-03,91159
"Germany",2020-04-04,96092
"Germany",2020-04-05,100123
"Germany",2020-04-06,103374
"Germany",2020-04-07,107663
"Germany",2020-04-08,113296
"Germany",2020-04-09,118181
"Germany",2020-04-10,122171
"Germany",2020-04-11,124908
"Germany",2020-04-12,127854
"Germany",2020-04-13,130072
"Germany",2020-04-14,131359
"Germany",2020-04-15,134753
"Germany",2020-04-16,137698
"Germany",2020-04-17,141397
"Germany",2020-04-18,143342
"Germany",2020-04-19,145184
"Germany",2020-04-20,147065
"Germany",2020-04-21,148291
"Germany",2020-04-22,150648
"Germany",2020-04-23,153129
"Germany",2020-04-24,154999
"Germany",2020-04-25,156513
"Germany",2020-04-26,157770
"Germany",2020-04-27,158758
"Germany",2020-04-28,159912
"Germany",2020-04-29,161539
"Germany",2020-04-30,163009
"Germany",2020-05-01,164077
"Germany",2020-05-02,164967
"Germany",2020-05-03,165664
"Germany",2020-05-04,166152
"Germany",2020-05-05,167007
"Germany",2020-05-06,168162
"Germany",2020-05-07,169430
"India",2020-01-22,0
"India",2020-01-23,0
"India",2020-01-24,0
"India",2020-01-25,0
"India",2020-01-26,0
"India",2020-01-27,0
"India",2020-01-28,0
"India",2020-01-29,0
"India",2020-01-30,1
"India",2020-01-31,1
"India",2020-02-01,1
"India",2020-02-02,2
"India",2020-02-03,3
"India",2020-02-04,3
"India",2020-02-05,3
"India",2020-02-06,3
"India",2020-02-07,3
"India",2020-02-08,3
"India",2020-02-09,3
"India",2020-02-10,3
"India",2020-02-11,3
"India",2020-02-12,3
"India",2020-02-13,3
"India",2020-02-14,3
"India",2020-02-15,3
"India",2020-02-16,3
"India",2020-02-17,3
"India",2020-02-18,3
"India",2020-02-19,3
"India",2020-02-20,3
"India",2020-02-21,3
"India",2020-02-22,3
"India",2020-02-23,3
"India",2020-02-24,3
"India",2020-02-25,3
"India",2020-02-26,3
"India",2020-02-27,3
"India",2020-02-28,3
"India",2020-02-29,3
"India",2020-03-01,3
"India",2020-03-02,5
"India",2020-03-03,5
"India",2020-03-04,28
"India",2020-03-05,30
"India",2020-03-06,31
"India",2020-03-07,34
"India",2020-03-08,39
"India",2020-03-09,43
"India",2020-03-10,56
"India",2020-03-11,62
"India",2020-03-12,73
"India",2020-03-13,82
"India",2020-03-14,102
"India",2020-03-15,113
"India",2020-03-16,119
"India",2020-03-17,142
"India",2020-03-18,156
"India",2020-03-19,194
"India",2020-03-20,244
"India",2020-03-21,330
"India",2020-03-22,396
"India",2020-03-23,499
"India",2020-03-24,536
"India",2020-03-25,657
"India",2020-03-26,727
"India",2020-03-27,887
"India",2020-03-28,987
"India",2020-03-29,1024
"India",2020-03-30,1251
"India",2020-03-31,1397
"India",2020-04-01,1998
"India",2020-04-02,2543
"India",2020-04-03,2567
"India",2020-04-04,3082
"India",2020-04-05,3588
"India",2020-04-06,4778
"India",2020-04-07,5311
"India",2020-04-08,5916
"India",2020-04-09,6725
"India",2020-04-10,7598
"India",2020-04-11,8446
"India",2020-04-12,9205
"India",2020-04-13,10453
"India",2020-04-14,11487
"India",2020-04-15,12322
"India",2020-04-16,13430
"India",2020-04-17,14352
"India",2020-04-18,15722
"India",2020-04-19,17615
"India",2020-04-20,18539
"India",2020-04-21,20080
"India",2020-04-22,21370
"India",2020-04-23,23077
"India",2020-04-24,24530
"India",2020-04-25,26283
"India",2020-04-26,27890
"India",2020-04-27,29451
"India",2020-04-28,31324
"India",2020-04-29,33062
"India",2020-04-30,34863
"India",2020-05-01,37257
"India",2020-05-02,39699
"India",2020-05-03,42505
"India",2020-05-04,46437
"India",2020-05-05,49400
"India",2020-05-06,52987
"India",2020-05-07,56351
"Iran",2020-01-22,0
"Iran",2020-01-23,0
"Iran",2020-01-24,0
"Iran",2020-01-25,0
"Iran",2020-01-26,0
"Iran",2020-01-27,0
"Iran",2020-01-28,0
"Iran",2020-01-29,0
"Iran",2020-01-30,0
"Iran",2020-01-31,0
"Iran",2020-02-01,0
"Iran",2020-02-02,0
"Iran",2020-02-03,0
"Iran",2020-02-04,0
"Iran",2020-02-05,0
"Iran",2020-02-06,0
"Iran",2020-02-07,0
"Iran",2020-02-08,0
"Iran",2020-02-09,0
"Iran",2020-02-10,0
"Iran",2020-02-11,0
"Iran",2020-02-12,0
"Iran",2020-02-13,0
"Iran",2020-02-14,0
"Iran",2020-02-15,0
"Iran",2020-02-16,0
"Iran",2020-02-17,0
"Iran",2020-02-18,0
"Iran",2020-02-19,2
"Iran",2020-02-20,5
"Iran",2020-02-21,18
"Iran",2020-02-22,28
"Iran",2020-02-23,43
"Iran",2020-02-24,61
"Iran",2020-02-25,95
"Iran",2020-02-26,139
"Iran",2020-02-27,245
"Iran",2020-02-28,388
"Iran",2020-02-29,593
"Iran",2020-03-01,978
"Iran",2020-03-02,1501
"Iran",2020-03-03,2336
"Iran",2020-03-04,2922
"Iran",2020-03-05,3513
"Iran",2020-03-06,4747
"Iran",2020-03-07,5823
"Iran",2020-03-08,6566
"Iran",2020-03-09,7161
"Iran",2020-03-10,8042
"Iran",2020-03-11,9000
"Iran",2020-03-12,10075
"Iran",2020-03-13,11364
"Iran",2020-03-14,12729
"Iran",2020-03-15,13938
"Iran",2020-03-16,14991
"Iran",2020-03-17,16169
"Iran",2020-03-18,17361
"Iran",2020-03-19,18407
"Iran",2020-03-20,19644
"Iran",2020-03-21,20610
"Iran",2020-03-22,21638
"Iran",2020-03-23,23049
"Iran",2020-03-24,24811
"Iran",2020-03-25,27017
"Iran",2020-03-26,29406
"Iran",2020-03-27,32332
"Iran",2020-03-28,35408
"Iran",2020-03-29,38309
"Iran",2020-03-30,41495
"Iran",2020-03-31,44605
"Iran",2020-04-01,47593
"Iran",2020-04-02,50468
"Iran",2020-04-03,53183
"Iran",2020-04-04,55743
"Iran",2020-04-05,58226
"Iran",2020-04-06,60500
"Iran",2020-04-07,62589
"Iran",2020-04-08,64586
"Iran",2020-04-09,66220
"Iran",2020-04-10,68192
"Iran",2020-04-11,70029
"Iran",2020-04-12,71686
"Iran",2020-04-13,73303
"Iran",2020-04-14,74877
"Iran",2020-04-15,76389
"Iran",2020-04-16,77995
"Iran",2020-04-17,79494
"Iran",2020-04-18,80868
"Iran",2020-04-19,82211
"Iran",2020-04-20,83505
"Iran",2020-04-21,84802
"Iran",2020-04-22,85996
"Iran",2020-04-23,87026
"Iran",2020-04-24,88194
"Iran",2020-04-25,89328
"Iran",2020-04-26,90481
"Iran",2020-04-27,91472
"Iran",2020-04-28,92584
"Iran",2020-04-29,93657
"Iran",2020-04-30,94640
"Iran",2020-05-01,95646
"Iran",2020-05-02,96448
"Iran",2020-05-03,97424
"Iran",2020-05-04,98647
"Iran",2020-05-05,99970
"Iran",2020-05-06,101650
"Iran",2020-05-07,103135
"Ireland",2020-01-22,0
"Ireland",2020-01-23,0
"Ireland",2020-01-24,0
"Ireland",2020-01-25,0
"Ireland",2020-01-26,0
"Ireland",2020-01-27,0
"Ireland",2020-01-28,0
"Ireland",2020-01-29,0
"Ireland",2020-01-30,0
"Ireland",2020-01-31,0
"Ireland",2020-02-01,0
"Ireland",2020-02-02,0
"Ireland",2020-02-03,0
"Ireland",2020-02-04,0
"Ireland",2020-02-05,0
"Ireland",2020-02-06,0
"Ireland",2020-02-07,0
"Ireland",2020-02-08,0
"Ireland",2020-02-09,0
"Ireland",2020-02-10,0
"Ireland",2020-02-11,0
"Ireland",2020-02-12,0
"Ireland",2020-02-13,0
"Ireland",2020-02-14,0
"Ireland",2020-02-15,0
"Ireland",2020-02-16,0
"Ireland",2020-02-17,0
"Ireland",2020-02-18,0
"Ireland",2020-02-19,0
"Ireland",2020-02-20,0
"Ireland",2020-02-21,0
"Ireland",2020-02-22,0
"Ireland",2020-02-23,0
"Ireland",2020-02-24,0
"Ireland",2020-02-25,0
"Ireland",2020-02-26,0
"Ireland",2020-02-27,0
"Ireland",2020-02-28,0
"Ireland",2020-02-29,1
"Ireland",2020-03-01,1
"Ireland",2020-03-02,1
"Ireland",2020-03-03,2
"Ireland",2020-03-04,6
"Ireland",2020-03-05,6
"Ireland",2020-03-06,18
"Ireland",2020-03-07,18
"Ireland",2020-03-08,19
"Ireland",2020-03-09,21
"Ireland",2020-03-10,34
"Ireland",2020-03-11,43
"Ireland",2020-03-12,43
"Ireland",2020-03-13,90
"Ireland",2020-03-14,129
"Ireland",2020-03-15,129
"Ireland",2020-03-16,169
"Ireland",2020-03-17,223
"Ireland",2020-03-18,292
"Ireland",2020-03-19,557
"Ireland",2020-03-20,683
"Ireland",2020-03-21,785
"Ireland",2020-03-22,906
"Ireland",2020-03-23,1125
"Ireland",2020-03-24,1329
"Ireland",2020-03-25,1564
"Ireland",2020-03-26,1819
"Ireland",2020-03-27,2121
"Ireland",2020-03-28,2415
"Ireland",2020-03-29,2615
"Ireland",2020-03-30,2910
"Ireland",2020-03-31,3235
"Ireland",2020-04-01,3447
"Ireland",2020-04-02,3849
"Ireland",2020-04-03,4273
"Ireland",2020-04-04,4604
"Ireland",2020-04-05,4994
"Ireland",2020-04-06,5364
"Ireland",2020-04-07,5709
"Ireland",2020-04-08,6074
"Ireland",2020-04-09,6574
"Ireland",2020-04-10,8089
"Ireland",2020-04-11,8928
"Ireland",2020-04-12,9655
"Ireland",2020-04-13,10647
"Ireland",2020-04-14,11479
"Ireland",2020-04-15,12547
"Ireland",2020-04-16,13271
"Ireland",2020-04-17,13980
"Ireland",2020-04-18,14758
"Ireland",2020-04-19,15251
"Ireland",2020-04-20,15652
"Ireland",2020-04-21,16040
"Ireland",2020-04-22,16671
"Ireland",2020-04-23,17607
"Ireland",2020-04-24,18184
"Ireland",2020-04-25,18561
"Ireland",2020-04-26,19262
"Ireland",2020-04-27,19648
"Ireland",2020-04-28,19877
"Ireland",2020-04-29,20253
"Ireland",2020-04-30,20612
"Ireland",2020-05-01,20833
"Ireland",2020-05-02,21176
"Ireland",2020-05-03,21506
"Ireland",2020-05-04,21772
"Ireland",2020-05-05,21983
"Ireland",2020-05-06,22248
"Ireland",2020-05-07,22385
"Israel",2020-01-22,0
"Israel",2020-01-23,0
"Israel",2020-01-24,0
"Israel",2020-01-25,0
"Israel",2020-01-26,0
"Israel",2020-01-27,0
"Israel",2020-01-28,0
"Israel",2020-01-29,0
"Israel",2020-01-30,0
"Israel",2020-01-31,0
"Israel",2020-02-01,0
"Israel",2020-02-02,0
"Israel",2020-02-03,0
"Israel",2020-02-04,0
"Israel",2020-02-05,0
"Israel",2020-02-06,0
"Israel",2020-02-07,0
"Israel",2020-02-08,0
"Israel",2020-02-09,0
"Israel",2020-02-10,0
"Israel",2020-02-11,0
"Israel",2020-02-12,0
"Israel",2020-02-13,0
"Israel",2020-02-14,0
"Israel",2020-02-15,0
"Israel",2020-02-16,0
"Israel",2020-02-17,0
"Israel",2020-02-18,0
"Israel",2020-02-19,0
"Israel",2020-02-20,0
"Israel",2020-02-21,1
"Israel",2020-02-22,1
"Israel",2020-02-23,1
"Israel",2020-02-24,1
"Israel",2020-02-25,1
"Israel",2020-02-26,2
"Israel",2020-02-27,3
"Israel",2020-02-28,4
"Israel",2020-02-29,7
"Israel",2020-03-01,10
"Israel",2020-03-02,10
"Israel",2020-03-03,12
"Israel",2020-03-04,15
"Israel",2020-03-05,20
"Israel",2020-03-06,37
"Israel",2020-03-07,43
"Israel",2020-03-08,61
"Israel",2020-03-09,61
"Israel",2020-03-10,75
"Israel",2020-03-11,79
"Israel",2020-03-12,100
"Israel",2020-03-13,126
"Israel",2020-03-14,155
"Israel",2020-03-15,213
"Israel",2020-03-16,218
"Israel",2020-03-17,250
"Israel",2020-03-18,304
"Israel",2020-03-19,427
"Israel",2020-03-20,529
"Israel",2020-03-21,712
"Israel",2020-03-22,883
"Israel",2020-03-23,1071
"Israel",2020-03-24,1238
"Israel",2020-03-25,2369
"Israel",2020-03-26,2693
"Israel",2020-03-27,3035
"Israel",2020-03-28,3619
"Israel",2020-03-29,4247
"Israel",2020-03-30,4695
"Israel",2020-03-31,5358
"Israel",2020-04-01,6092
"Israel",2020-04-02,6857
"Israel",2020-04-03,7428
"Israel",2020-04-04,7851
"Israel",2020-04-05,8430
"Israel",2020-04-06,8904
"Israel",2020-04-07,9248
"Israel",2020-04-08,9404
"Israel",2020-04-09,9968
"Israel",2020-04-10,10408
"Israel",2020-04-11,10743
"Israel",2020-04-12,11145
"Israel",2020-04-13,11586
"Israel",2020-04-14,12046
"Israel",2020-04-15,12501
"Israel",2020-04-16,12758
"Israel",2020-04-17,12982
"Israel",2020-04-18,13265
"Israel",2020-04-19,13491
"Israel",2020-04-20,13713
"Israel",2020-04-21,13942
"Israel",2020-04-22,14498
"Israel",2020-04-23,14803
"Israel",2020-04-24,15058
"Israel",2020-04-25,15298
"Israel",2020-04-26,15443
"Israel",2020-04-27,15555
"Israel",2020-04-28,15728
"Israel",2020-04-29,15834
"Israel",2020-04-30,15946
"Israel",2020-05-01,16101
"Israel",2020-05-02,16185
"Israel",2020-05-03,16208
"Israel",2020-05-04,16246
"Israel",2020-05-05,16289
"Israel",2020-05-06,16310
"Israel",2020-05-07,16381
"Italy",2020-01-22,0
"Italy",2020-01-23,0
"Italy",2020-01-24,0
"Italy",2020-01-25,0
"Italy",2020-01-26,0
"Italy",2020-01-27,0
"Italy",2020-01-28,0
"Italy",2020-01-29,0
"Italy",2020-01-30,0
"Italy",2020-01-31,2
"Italy",2020-02-01,2
"Italy",2020-02-02,2
"Italy",2020-02-03,2
"Italy",2020-02-04,2
"Italy",2020-02-05,2
"Italy",2020-02-06,2
"Italy",2020-02-07,3
"Italy",2020-02-08,3
"Italy",2020-02-09,3
"Italy",2020-02-10,3
"Italy",2020-02-11,3
"Italy",2020-02-12,3
"Italy",2020-02-13,3
"Italy",2020-02-14,3
"Italy",2020-02-15,3
"Italy",2020-02-16,3
"Italy",2020-02-17,3
"Italy",2020-02-18,3
"Italy",2020-02-19,3
"Italy",2020-02-20,3
"Italy",2020-02-21,20
"Italy",2020-02-22,62
"Italy",2020-02-23,155
"Italy",2020-02-24,229
"Italy",2020-02-25,322
"Italy",2020-02-26,453
"Italy",2020-02-27,655
"Italy",2020-02-28,888
"Italy",2020-02-29,1128
"Italy",2020-03-01,1694
"Italy",2020-03-02,2036
"Italy",2020-03-03,2502
"Italy",2020-03-04,3089
"Italy",2020-03-05,3858
"Italy",2020-03-06,4636
"Italy",2020-03-07,5883
"Italy",2020-03-08,7375
"Italy",2020-03-09,9172
"Italy",2020-03-10,10149
"Italy",2020-03-11,12462
"Italy",2020-03-12,12462
"Italy",2020-03-13,17660
"Italy",2020-03-14,21157
"Italy",2020-03-15,24747
"Italy",2020-03-16,27980
"Italy",2020-03-17,31506
"Italy",2020-03-18,35713
"Italy",2020-03-19,41035
"Italy",2020-03-20,47021
"Italy",2020-03-21,53578
"Italy",2020-03-22,59138
"Italy",2020-03-23,63927
"Italy",2020-03-24,69176
"Italy",2020-03-25,74386
"Italy",2020-03-26,80589
"Italy",2020-03-27,86498
"Italy",2020-03-28,92472
"Italy",2020-03-29,97689
"Italy",2020-03-30,101739
"Italy",2020-03-31,105792
"Italy",2020-04-01,110574
"Italy",2020-04-02,115242
"Italy",2020-04-03,119827
"Italy",2020-04-04,124632
"Italy",2020-04-05,128948
"Italy",2020-04-06,132547
"Italy",2020-04-07,135586
"Italy",2020-04-08,139422
"Italy",2020-04-09,143626
"Italy",2020-04-10,147577
"Italy",2020-04-11,152271
"Italy",2020-04-12,156363
"Italy",2020-04-13,159516
"Italy",2020-04-14,162488
"Italy",2020-04-15,165155
"Italy",2020-04-16,168941
"Italy",2020-04-17,172434
"Italy",2020-04-18,175925
"Italy",2020-04-19,178972
"Italy",2020-04-20,181228
"Italy",2020-04-21,183957
"Italy",2020-04-22,187327
"Italy",2020-04-23,189973
"Italy",2020-04-24,192994
"Italy",2020-04-25,195351
"Italy",2020-04-26,197675
"Italy",2020-04-27,199414
"Italy",2020-04-28,201505
"Italy",2020-04-29,203591
"Italy",2020-04-30,205463
"Italy",2020-05-01,207428
"Italy",2020-05-02,209328
"Italy",2020-05-03,210717
"Italy",2020-05-04,211938
"Italy",2020-05-05,213013
"Italy",2020-05-06,214457
"Italy",2020-05-07,215858
"Korea, South",2020-01-22,1
"Korea, South",2020-01-23,1
"Korea, South",2020-01-24,2
"Korea, South",2020-01-25,2
"Korea, South",2020-01-26,3
"Korea, South",2020-01-27,4
"Korea, South",2020-01-28,4
"Korea, South",2020-01-29,4
"Korea, South",2020-01-30,4
"Korea, South",2020-01-31,11
"Korea, South",2020-02-01,12
"Korea, South",2020-02-02,15
"Korea, South",2020-02-03,15
"Korea, South",2020-02-04,16
"Korea, South",2020-02-05,19
"Korea, South",2020-02-06,23
"Korea, South",2020-02-07,24
"Korea, South",2020-02-08,24
"Korea, South",2020-02-09,25
"Korea, South",2020-02-10,27
"Korea, South",2020-02-11,28
"Korea, South",2020-02-12,28
"Korea, South",2020-02-13,28
"Korea, South",2020-02-14,28
"Korea, South",2020-02-15,28
"Korea, South",2020-02-16,29
"Korea, South",2020-02-17,30
"Korea, South",2020-02-18,31
"Korea, South",2020-02-19,31
"Korea, South",2020-02-20,104
"Korea, South",2020-02-21,204
"Korea, South",2020-02-22,433
"Korea, South",2020-02-23,602
"Korea, South",2020-02-24,833
"Korea, South",2020-02-25,977
"Korea, South",2020-02-26,1261
"Korea, South",2020-02-27,1766
"Korea, South",2020-02-28,2337
"Korea, South",2020-02-29,3150
"Korea, South",2020-03-01,3736
"Korea, South",2020-03-02,4335
"Korea, South",2020-03-03,5186
"Korea, South",2020-03-04,5621
"Korea, South",2020-03-05,6088
"Korea, South",2020-03-06,6593
"Korea, South",2020-03-07,7041
"Korea, South",2020-03-08,7314
"Korea, South",2020-03-09,7478
"Korea, South",2020-03-10,7513
"Korea, South",2020-03-11,7755
"Korea, South",2020-03-12,7869
"Korea, South",2020-03-13,7979
"Korea, South",2020-03-14,8086
"Korea, South",2020-03-15,8162
"Korea, South",2020-03-16,8236
"Korea, South",2020-03-17,8320
"Korea, South",2020-03-18,8413
"Korea, South",2020-03-19,8565
"Korea, South",2020-03-20,8652
"Korea, South",2020-03-21,8799
"Korea, South",2020-03-22,8961
"Korea, South",2020-03-23,8961
"Korea, South",2020-03-24,9037
"Korea, South",2020-03-25,9137
"Korea, South",2020-03-26,9241
"Korea, South",2020-03-27,9332
"Korea, South",2020-03-28,9478
"Korea, South",2020-03-29,9583
"Korea, South",2020-03-30,9661
"Korea, South",2020-03-31,9786
"Korea, South",2020-04-01,9887
"Korea, South",2020-04-02,9976
"Korea, South",2020-04-03,10062
"Korea, South",2020-04-04,10156
"Korea, South",2020-04-05,10237
"Korea, South",2020-04-06,10284
"Korea, South",2020-04-07,10331
"Korea, South",2020-04-08,10384
"Korea, South",2020-04-09,10423
"Korea, South",2020-04-10,10450
"Korea, South",2020-04-11,10480
"Korea, South",2020-04-12,10512
"Korea, South",2020-04-13,10537
"Korea, South",2020-04-14,10564
"Korea, South",2020-04-15,10591
"Korea, South",2020-04-16,10613
"Korea, South",2020-04-17,10635
"Korea, South",2020-04-18,10653
"Korea, South",2020-04-19,10661
"Korea, South",2020-04-20,10674
"Korea, South",2020-04-21,10683
"Korea, South",2020-04-22,10694
"Korea, South",2020-04-23,10708
"Korea, South",2020-04-24,10718
"Korea, South",2020-04-25,10728
"Korea, South",2020-04-26,10738
"Korea, South",2020-04-27,10752
"Korea, South",2020-04-28,10761
"Korea, South",2020-04-29,10765
"Korea, South",2020-04-30,10774
"Korea, South",2020-05-01,10780
"Korea, South",2020-05-02,10793
"Korea, South",2020-05-03,10801
"Korea, South",2020-05-04,10804
"Korea, South",2020-05-05,10806
"Korea, South",2020-05-06,10810
"Korea, South",2020-05-07,10822
"Mexico",2020-01-22,0
"Mexico",2020-01-23,0
"Mexico",2020-01-24,0
"Mexico",2020-01-25,0
"Mexico",2020-01-26,0
"Mexico",2020-01-27,0
"Mexico",2020-01-28,0
"Mexico",2020-01-29,0
"Mexico",2020-01-30,0
"Mexico",2020-01-31,0
"Mexico",2020-02-01,0
"Mexico",2020-02-02,0
"Mexico",2020-02-03,0
"Mexico",2020-02-04,0
"Mexico",2020-02-05,0
"Mexico",2020-02-06,0
"Mexico",2020-02-07,0
"Mexico",2020-02-08,0
"Mexico",2020-02-09,0
"Mexico",2020-02-10,0
"Mexico",2020-02-11,0
"Mexico",2020-02-12,0
"Mexico",2020-02-13,0
"Mexico",2020-02-14,0
"Mexico",2020-02-15,0
"Mexico",2020-02-16,0
"Mexico",2020-02-17,0
"Mexico",2020-02-18,0
"Mexico",2020-02-19,0
"Mexico",2020-02-20,0
"Mexico",2020-02-21,0
"Mexico",2020-02-22,0
"Mexico",2020-02-23,0
"Mexico",2020-02-24,0
"Mexico",2020-02-25,0
"Mexico",2020-02-26,0
"Mexico",2020-02-27,0
"Mexico",2020-02-28,1
"Mexico",2020-02-29,4
"Mexico",2020-03-01,5
"Mexico",2020-03-02,5
"Mexico",2020-03-03,5
"Mexico",2020-03-04,5
"Mexico",2020-03-05,5
"Mexico",2020-03-06,6
"Mexico",2020-03-07,6
"Mexico",2020-03-08,7
"Mexico",2020-03-09,7
"Mexico",2020-03-10,7
"Mexico",2020-03-11,8
"Mexico",2020-03-12,12
"Mexico",2020-03-13,26
"Mexico",2020-03-14,41
"Mexico",2020-03-15,53
"Mexico",2020-03-16,82
"Mexico",2020-03-17,93
"Mexico",2020-03-18,118
"Mexico",2020-03-19,164
"Mexico",2020-03-20,203
"Mexico",2020-03-21,251
"Mexico",2020-03-22,316
"Mexico",2020-03-23,367
"Mexico",2020-03-24,405
"Mexico",2020-03-25,475
"Mexico",2020-03-26,585
"Mexico",2020-03-27,717
"Mexico",2020-03-28,848
"Mexico",2020-03-29,993
"Mexico",2020-03-30,1094
"Mexico",2020-03-31,1215
"Mexico",2020-04-01,1378
"Mexico",2020-04-02,1510
"Mexico",2020-04-03,1688
"Mexico",2020-04-04,1890
"Mexico",2020-04-05,2143
"Mexico",2020-04-06,2439
"Mexico",2020-04-07,2785
"Mexico",2020-04-08,3181
"Mexico",2020-04-09,3441
"Mexico",2020-04-10,3844
"Mexico",2020-04-11,4219
"Mexico",2020-04-12,4661
"Mexico",2020-04-13,5014
"Mexico",2020-04-14,5399
"Mexico",2020-04-15,5847
"Mexico",2020-04-16,6297
"Mexico",2020-04-17,6875
"Mexico",2020-04-18,7497
"Mexico",2020-04-19,8261
"Mexico",2020-04-20,8772
"Mexico",2020-04-21,9501
"Mexico",2020-04-22,10544
"Mexico",2020-04-23,11633
"Mexico",2020-04-24,12872
"Mexico",2020-04-25,13842
"Mexico",2020-04-26,14677
"Mexico",2020-04-27,15529
"Mexico",2020-04-28,16752
"Mexico",2020-04-29,17799
"Mexico",2020-04-30,19224
"Mexico",2020-05-01,20739
"Mexico",2020-05-02,22088
"Mexico",2020-05-03,23471
"Mexico",2020-05-04,24905
"Mexico",2020-05-05,26025
"Mexico",2020-05-06,27634
"Mexico",2020-05-07,29616
"Netherlands",2020-01-22,0
"Netherlands",2020-01-23,0
"Netherlands",2020-01-24,0
"Netherlands",2020-01-25,0
"Netherlands",2020-01-26,0
"Netherlands",2020-01-27,0
"Netherlands",2020-01-28,0
"Netherlands",2020-01-29,0
"Netherlands",2020-01-30,0
"Netherlands",2020-01-31,0
"Netherlands",2020-02-01,0
"Netherlands",2020-02-02,0
"Netherlands",2020-02-03,0
"Netherlands",2020-02-04,0
"Netherlands",2020-02-05,0
"Netherlands",2020-02-06,0
"Netherlands",2020-02-07,0
"Netherlands",2020-02-08,0
"Netherlands",2020-02-09,0
"Netherlands",2020-02-10,0
"Netherlands",2020-02-11,0
"Netherlands",2020-02-12,0
"Netherlands",2020-02-13,0
"Netherlands",2020-02-14,0
"Netherlands",2020-02-15,0
"Netherlands",2020-02-16,0
"Netherlands",2020-02-17,0
"Netherlands",2020-02-18,0
"Netherlands",2020-02-19,0
"Netherlands",2020-02-20,0
"Netherlands",2020-02-21,0
"Netherlands",2020-02-22,0
"Netherlands",2020-02-23,0
"Netherlands",2020-02-24,0
"Netherlands",2020-02-25,0
"Netherlands",2020-02-26,0
"Netherlands",2020-02-27,1
"Netherlands",2020-02-28,1
"Netherlands",2020-02-29,6
"Netherlands",2020-03-01,10
"Netherlands",2020-03-02,18
"Netherlands",2020-03-03,24
"Netherlands",2020-03-04,38
"Netherlands",2020-03-05,82
"Netherlands",2020-03-06,128
"Netherlands",2020-03-07,188
"Netherlands",2020-03-08,265
"Netherlands",2020-03-09,321
"Netherlands",2020-03-10,382
"Netherlands",2020-03-11,503
"Netherlands",2020-03-12,503
"Netherlands",2020-03-13,806
"Netherlands",2020-03-14,962
"Netherlands",2020-03-15,1138
"Netherlands",2020-03-16,1416
"Netherlands",2020-03-17,1711
"Netherlands",2020-03-18,2058
"Netherlands",2020-03-19,2467
"Netherlands",2020-03-20,3003
"Netherlands",2020-03-21,3640
"Netherlands",2020-03-22,4217
"Netherlands",2020-03-23,4764
"Netherlands",2020-03-24,5580
"Netherlands",2020-03-25,6438
"Netherlands",2020-03-26,7468
"Netherlands",2020-03-27,8647
"Netherlands",2020-03-28,9819
"Netherlands",2020-03-29,10930
"Netherlands",2020-03-30,11817
"Netherlands",2020-03-31,12667
"Netherlands",2020-04-01,13696
"Netherlands",2020-04-02,14788
"Netherlands",2020-04-03,15821
"Netherlands",2020-04-04,16727
"Netherlands",2020-04-05,17953
"Netherlands",2020-04-06,18926
"Netherlands",2020-04-07,19709
"Netherlands",2020-04-08,20682
"Netherlands",2020-04-09,21903
"Netherlands",2020-04-10,23249
"Netherlands",2020-04-11,24571
"Netherlands",2020-04-12,25746
"Netherlands",2020-04-13,26710
"Netherlands",2020-04-14,27580
"Netherlands",2020-04-15,28316
"Netherlands",2020-04-16,29383
"Netherlands",2020-04-17,30619
"Netherlands",2020-04-18,31766
"Netherlands",2020-04-19,32838
"Netherlands",2020-04-20,33588
"Netherlands",2020-04-21,34317
"Netherlands",2020-04-22,35032
"Netherlands",2020-04-23,35921
"Netherlands",2020-04-24,36729
"Netherlands",2020-04-25,37384
"Netherlands",2020-04-26,38040
"Netherlands",2020-04-27,38440
"Netherlands",2020-04-28,38612
"Netherlands",2020-04-29,38998
"Netherlands",2020-04-30,39512
"Netherlands",2020-05-01,39989
"Netherlands",2020-05-02,40434
"Netherlands",2020-05-03,40769
"Netherlands",2020-05-04,40968
"Netherlands",2020-05-05,41286
"Netherlands",2020-05-06,41518
"Netherlands",2020-05-07,41973
"Pakistan",2020-01-22,0
"Pakistan",2020-01-23,0
"Pakistan",2020-01-24,0
"Pakistan",2020-01-25,0
"Pakistan",2020-01-26,0
"Pakistan",2020-01-27,0
"Pakistan",2020-01-28,0
"Pakistan",2020-01-29,0
"Pakistan",2020-01-30,0
"Pakistan",2020-01-31,0
"Pakistan",2020-02-01,0
"Pakistan",2020-02-02,0
"Pakistan",2020-02-03,0
"Pakistan",2020-02-04,0
"Pakistan",2020-02-05,0
"Pakistan",2020-02-06,0
"Pakistan",2020-02-07,0
"Pakistan",2020-02-08,0
"Pakistan",2020-02-09,0
"Pakistan",2020-02-10,0
"Pakistan",2020-02-11,0
"Pakistan",2020-02-12,0
"Pakistan",2020-02-13,0
"Pakistan",2020-02-14,0
"Pakistan",2020-02-15,0
"Pakistan",2020-02-16,0
"Pakistan",2020-02-17,0
"Pakistan",2020-02-18,0
"Pakistan",2020-02-19,0
"Pakistan",2020-02-20,0
"Pakistan",2020-02-21,0
"Pakistan",2020-02-22,0
"Pakistan",2020-02-23,0
"Pakistan",2020-02-24,0
"Pakistan",2020-02-25,0
"Pakistan",2020-02-26,2
"Pakistan",2020-02-27,2
"Pakistan",2020-02-28,2
"Pakistan",2020-02-29,4
"Pakistan",2020-03-01,4
"Pakistan",2020-03-02,4
"Pakistan",2020-03-03,5
"Pakistan",2020-03-04,5
"Pakistan",2020-03-05,5
"Pakistan",2020-03-06,6
"Pakistan",2020-03-07,6
"Pakistan",2020-03-08,6
"Pakistan",2020-03-09,6
"Pakistan",2020-03-10,16
"Pakistan",2020-03-11,19
"Pakistan",2020-03-12,20
"Pakistan",2020-03-13,28
"Pakistan",2020-03-14,31
"Pakistan",2020-03-15,53
"Pakistan",2020-03-16,136
"Pakistan",2020-03-17,236
"Pakistan",2020-03-18,299
"Pakistan",2020-03-19,454
"Pakistan",2020-03-20,501
"Pakistan",2020-03-21,730
"Pakistan",2020-03-22,776
"Pakistan",2020-03-23,875
"Pakistan",2020-03-24,972
"Pakistan",2020-03-25,1063
"Pakistan",2020-03-26,1201
"Pakistan",2020-03-27,1373
"Pakistan",2020-03-28,1495
"Pakistan",2020-03-29,1597
"Pakistan",2020-03-30,1717
"Pakistan",2020-03-31,1938
"Pakistan",2020-04-01,2118
"Pakistan",2020-04-02,2421
"Pakistan",2020-04-03,2686
"Pakistan",2020-04-04,2818
"Pakistan",2020-04-05,3157
"Pakistan",2020-04-06,3766
"Pakistan",2020-04-07,4035
"Pakistan",2020-04-08,4263
"Pakistan",2020-04-09,4489
"Pakistan",2020-04-10,4695
"Pakistan",2020-04-11,5011
"Pakistan",2020-04-12,5230
"Pakistan",2020-04-13,5496
"Pakistan",2020-04-14,5837
"Pakistan",2020-04-15,6383
"Pakistan",2020-04-16,6919
"Pakistan",2020-04-17,7025
"Pakistan",2020-04-18,7638
"Pakistan",2020-04-19,8348
"Pakistan",2020-04-20,8418
"Pakistan",2020-04-21,9565
"Pakistan",2020-04-22,10076
"Pakistan",2020-04-23,11155
"Pakistan",2020-04-24,11940
"Pakistan",2020-04-25,12723
"Pakistan",2020-04-26,13328
"Pakistan",2020-04-27,13915
"Pakistan",2020-04-28,14612
"Pakistan",2020-04-29,15525
"Pakistan",2020-04-30,16817
"Pakistan",2020-05-01,18114
"Pakistan",2020-05-02,19103
"Pakistan",2020-05-03,20084
"Pakistan",2020-05-04,20941
"Pakistan",2020-05-05,22049
"Pakistan",2020-05-06,24073
"Pakistan",2020-05-07,24644
"Peru",2020-01-22,0
"Peru",2020-01-23,0
"Peru",2020-01-24,0
"Peru",2020-01-25,0
"Peru",2020-01-26,0
"Peru",2020-01-27,0
"Peru",2020-01-28,0
"Peru",2020-01-29,0
"Peru",2020-01-30,0
"Peru",2020-01-31,0
"Peru",2020-02-01,0
"Peru",2020-02-02,0
"Peru",2020-02-03,0
"Peru",2020-02-04,0
"Peru",2020-02-05,0
"Peru",2020-02-06,0
"Peru",2020-02-07,0
"Peru",2020-02-08,0
"Peru",2020-02-09,0
"Peru",2020-02-10,0
"Peru",2020-02-11,0
"Peru",2020-02-12,0
"Peru",2020-02-13,0
"Peru",2020-02-14,0
"Peru",2020-02-15,0
"Peru",2020-02-16,0
"Peru",2020-02-17,0
"Peru",2020-02-18,0
"Peru",2020-02-19,0
"Peru",2020-02-20,0
"Peru",2020-02-21,0
"Peru",2020-02-22,0
"Peru",2020-02-23,0
"Peru",2020-02-24,0
"Peru",2020-02-25,0
"Peru",2020-02-26,0
"Peru",2020-02-27,0
"Peru",2020-02-28,0
"Peru",2020-02-29,0
"Peru",2020-03-01,0
"Peru",2020-03-02,0
"Peru",2020-03-03,0
"Peru",2020-03-04,0
"Peru",2020-03-05,0
"Peru",2020-03-06,1
"Peru",2020-03-07,1
"Peru",2020-03-08,6
"Peru",2020-03-09,7
"Peru",2020-03-10,11
"Peru",2020-03-11,11
"Peru",2020-03-12,15
"Peru",2020-03-13,28
"Peru",2020-03-14,38
"Peru",2020-03-15,43
"Peru",2020-03-16,86
"Peru",2020-03-17,117
"Peru",2020-03-18,145
"Peru",2020-03-19,234
"Peru",2020-03-20,234
"Peru",2020-03-21,318
"Peru",2020-03-22,363
"Peru",2020-03-23,395
"Peru",2020-03-24,416
"Peru",2020-03-25,480
"Peru",2020-03-26,580
"Peru",2020-03-27,635
"Peru",2020-03-28,671
"Peru",2020-03-29,852
"Peru",2020-03-30,950
"Peru",2020-03-31,1065
"Peru",2020-04-01,1323
"Peru",2020-04-02,1414
"Peru",2020-04-03,1595
"Peru",2020-04-04,1746
"Peru",2020-04-05,2281
"Peru",2020-04-06,2561
"Peru",2020-04-07,2954
"Peru",2020-04-08,4342
"Peru",2020-04-09,5256
"Peru",2020-04-10,5897
"Peru",2020-04-11,6848
"Peru",2020-04-12,7519
"Peru",2020-04-13,9784
"Peru",2020-04-14,10303
"Peru",2020-04-15,11475
"Peru",2020-04-16,12491
"Peru",2020-04-17,13489
"Peru",2020-04-18,14420
"Peru",2020-04-19,15628
"Peru",2020-04-20,16325
"Peru",2020-04-21,17837
"Peru",2020-04-22,19250
"Peru",2020-04-23,20914
"Peru",2020-04-24,21648
"Peru",2020-04-25,25331
"Peru",2020-04-26,27517
"Peru",2020-04-27,28699
"Peru",2020-04-28,31190
"Peru",2020-04-29,33931
"Peru",2020-04-30,36976
"Peru",2020-05-01,40459
"Peru",2020-05-02,42534
"Peru",2020-05-03,45928
"Peru",2020-05-04,47372
"Peru",2020-05-05,51189
"Peru",2020-05-06,54817
"Peru",2020-05-07,58526
"Portugal",2020-01-22,0
"Portugal",2020-01-23,0
"Portugal",2020-01-24,0
"Portugal",2020-01-25,0
"Portugal",2020-01-26,0
"Portugal",2020-01-27,0
"Portugal",2020-01-28,0
"Portugal",2020-01-29,0
"Portugal",2020-01-30,0
"Portugal",2020-01-31,0
"Portugal",2020-02-01,0
"Portugal",2020-02-02,0
"Portugal",2020-02-03,0
"Portugal",2020-02-04,0
"Portugal",2020-02-05,0
"Portugal",2020-02-06,0
"Portugal",2020-02-07,0
"Portugal",2020-02-08,0
"Portugal",2020-02-09,0
"Portugal",2020-02-10,0
"Portugal",2020-02-11,0
"Portugal",2020-02-12,0
"Portugal",2020-02-13,0
"Portugal",2020-02-14,0
"Portugal",2020-02-15,0
"Portugal",2020-02-16,0
"Portugal",2020-02-17,0
"Portugal",2020-02-18,0
"Portugal",2020-02-19,0
"Portugal",2020-02-20,0
"Portugal",2020-02-21,0
"Portugal",2020-02-22,0
"Portugal",2020-02-23,0
"Portugal",2020-02-24,0
"Portugal",2020-02-25,0
"Portugal",2020-02-26,0
"Portugal",2020-02-27,0
"Portugal",2020-02-28,0
"Portugal",2020-02-29,0
"Portugal",2020-03-01,0
"Portugal",2020-03-02,2
"Portugal",2020-03-03,2
"Portugal",2020-03-04,5
"Portugal",2020-03-05,8
"Portugal",2020-03-06,13
"Portugal",2020-03-07,20
"Portugal",2020-03-08,30
"Portugal",2020-03-09,30
"Portugal",2020-03-10,41
"Portugal",2020-03-11,59
"Portugal",2020-03-12,59
"Portugal",2020-03-13,112
"Portugal",2020-03-14,169
"Portugal",2020-03-15,245
"Portugal",2020-03-16,331
"Portugal",2020-03-17,448
"Portugal",2020-03-18,448
"Portugal",2020-03-19,785
"Portugal",2020-03-20,1020
"Portugal",2020-03-21,1280
"Portugal",2020-03-22,1600
"Portugal",2020-03-23,2060
"Portugal",2020-03-24,2362
"Portugal",2020-03-25,2995
"Portugal",2020-03-26,3544
"Portugal",2020-03-27,4268
"Portugal",2020-03-28,5170
"Portugal",2020-03-29,5962
"Portugal",2020-03-30,6408
"Portugal",2020-03-31,7443
"Portugal",2020-04-01,8251
"Portugal",2020-04-02,9034
"Portugal",2020-04-03,9886
"Portugal",2020-04-04,10524
"Portugal",2020-04-05,11278
"Portugal",2020-04-06,11730
"Portugal",2020-04-07,12442
"Portugal",2020-04-08,13141
"Portugal",2020-04-09,13956
"Portugal",2020-04-10,15472
"Portugal",2020-04-11,15987
"Portugal",2020-04-12,16585
"Portugal",2020-04-13,16934
"Portugal",2020-04-14,17448
"Portugal",2020-04-15,18091
"Portugal",2020-04-16,18841
"Portugal",2020-04-17,19022
"Portugal",2020-04-18,19685
"Portugal",2020-04-19,20206
"Portugal",2020-04-20,20863
"Portugal",2020-04-21,21379
"Portugal",2020-04-22,21982
"Portugal",2020-04-23,22353
"Portugal",2020-04-24,22797
"Portugal",2020-04-25,23392
"Portugal",2020-04-26,23864
"Portugal",2020-04-27,24027
"Portugal",2020-04-28,24322
"Portugal",2020-04-29,24505
"Portugal",2020-04-30,25045
"Portugal",2020-05-01,25351
"Portugal",2020-05-02,25190
"Portugal",2020-05-03,25282
"Portugal",2020-05-04,25524
"Portugal",2020-05-05,25702
"Portugal",2020-05-06,26182
"Portugal",2020-05-07,26715
"Qatar",2020-01-22,0
"Qatar",2020-01-23,0
"Qatar",2020-01-24,0
"Qatar",2020-01-25,0
"Qatar",2020-01-26,0
"Qatar",2020-01-27,0
"Qatar",2020-01-28,0
"Qatar",2020-01-29,0
"Qatar",2020-01-30,0
"Qatar",2020-01-31,0
"Qatar",2020-02-01,0
"Qatar",2020-02-02,0
"Qatar",2020-02-03,0
"Qatar",2020-02-04,0
"Qatar",2020-02-05,0
"Qatar",2020-02-06,0
"Qatar",2020-02-07,0
"Qatar",2020-02-08,0
"Qatar",2020-02-09,0
"Qatar",2020-02-10,0
"Qatar",2020-02-11,0
"Qatar",2020-02-12,0
"Qatar",2020-02-13,0
"Qatar",2020-02-14,0
"Qatar",2020-02-15,0
"Qatar",2020-02-16,0
"Qatar",2020-02-17,0
"Qatar",2020-02-18,0
"Qatar",2020-02-19,0
"Qatar",2020-02-20,0
"Qatar",2020-02-21,0
"Qatar",2020-02-22,0
"Qatar",2020-02-23,0
"Qatar",2020-02-24,0
"Qatar",2020-02-25,0
"Qatar",2020-02-26,0
"Qatar",2020-02-27,0
"Qatar",2020-02-28,0
"Qatar",2020-02-29,1
"Qatar",2020-03-01,3
"Qatar",2020-03-02,3
"Qatar",2020-03-03,7
"Qatar",2020-03-04,8
"Qatar",2020-03-05,8
"Qatar",2020-03-06,8
"Qatar",2020-03-07,8
"Qatar",2020-03-08,15
"Qatar",2020-03-09,18
"Qatar",2020-03-10,24
"Qatar",2020-03-11,262
"Qatar",2020-03-12,262
"Qatar",2020-03-13,320
"Qatar",2020-03-14,337
"Qatar",2020-03-15,401
"Qatar",2020-03-16,439
"Qatar",2020-03-17,439
"Qatar",2020-03-18,452
"Qatar",2020-03-19,460
"Qatar",2020-03-20,470
"Qatar",2020-03-21,481
"Qatar",2020-03-22,494
"Qatar",2020-03-23,501
"Qatar",2020-03-24,526
"Qatar",2020-03-25,537
"Qatar",2020-03-26,549
"Qatar",2020-03-27,562
"Qatar",2020-03-28,590
"Qatar",2020-03-29,634
"Qatar",2020-03-30,693
"Qatar",2020-03-31,781
"Qatar",2020-04-01,835
"Qatar",2020-04-02,949
"Qatar",2020-04-03,1075
"Qatar",2020-04-04,1325
"Qatar",2020-04-05,1604
"Qatar",2020-04-06,1832
"Qatar",2020-04-07,2057
"Qatar",2020-04-08,2210
"Qatar",2020-04-09,2376
"Qatar",2020-04-10,2512
"Qatar",2020-04-11,2728
"Qatar",2020-04-12,2979
"Qatar",2020-04-13,3231
"Qatar",2020-04-14,3428
"Qatar",2020-04-15,3711
"Qatar",2020-04-16,4103
"Qatar",2020-04-17,4663
"Qatar",2020-04-18,5008
"Qatar",2020-04-19,5448
"Qatar",2020-04-20,6015
"Qatar",2020-04-21,6533
"Qatar",2020-04-22,7141
"Qatar",2020-04-23,7764
"Qatar",2020-04-24,8525
"Qatar",2020-04-25,9358
"Qatar",2020-04-26,10287
"Qatar",2020-04-27,11244
"Qatar",2020-04-28,11921
"Qatar",2020-04-29,12564
"Qatar",2020-04-30,13409
"Qatar",2020-05-01,14096
"Qatar",2020-05-02,14872
"Qatar",2020-05-03,15551
"Qatar",2020-05-04,16191
"Qatar",2020-05-05,17142
"Qatar",2020-05-06,17972
"Qatar",2020-05-07,18890
"Russia",2020-01-22,0
"Russia",2020-01-23,0
"Russia",2020-01-24,0
"Russia",2020-01-25,0
"Russia",2020-01-26,0
"Russia",2020-01-27,0
"Russia",2020-01-28,0
"Russia",2020-01-29,0
"Russia",2020-01-30,0
"Russia",2020-01-31,2
"Russia",2020-02-01,2
"Russia",2020-02-02,2
"Russia",2020-02-03,2
"Russia",2020-02-04,2
"Russia",2020-02-05,2
"Russia",2020-02-06,2
"Russia",2020-02-07,2
"Russia",2020-02-08,2
"Russia",2020-02-09,2
"Russia",2020-02-10,2
"Russia",2020-02-11,2
"Russia",2020-02-12,2
"Russia",2020-02-13,2
"Russia",2020-02-14,2
"Russia",2020-02-15,2
"Russia",2020-02-16,2
"Russia",2020-02-17,2
"Russia",2020-02-18,2
"Russia",2020-02-19,2
"Russia",2020-02-20,2
"Russia",2020-02-21,2
"Russia",2020-02-22,2
"Russia",2020-02-23,2
"Russia",2020-02-24,2
"Russia",2020-02-25,2
"Russia",2020-02-26,2
"Russia",2020-02-27,2
"Russia",2020-02-28,2
"Russia",2020-02-29,2
"Russia",2020-03-01,2
"Russia",2020-03-02,3
"Russia",2020-03-03,3
"Russia",2020-03-04,3
"Russia",2020-03-05,4
"Russia",2020-03-06,13
"Russia",2020-03-07,13
"Russia",2020-03-08,17
"Russia",2020-03-09,17
"Russia",2020-03-10,20
"Russia",2020-03-11,20
"Russia",2020-03-12,28
"Russia",2020-03-13,45
"Russia",2020-03-14,59
"Russia",2020-03-15,63
"Russia",2020-03-16,90
"Russia",2020-03-17,114
"Russia",2020-03-18,147
"Russia",2020-03-19,199
"Russia",2020-03-20,253
"Russia",2020-03-21,306
"Russia",2020-03-22,367
"Russia",2020-03-23,438
"Russia",2020-03-24,495
"Russia",2020-03-25,658
"Russia",2020-03-26,840
"Russia",2020-03-27,1036
"Russia",2020-03-28,1264
"Russia",2020-03-29,1534
"Russia",2020-03-30,1836
"Russia",2020-03-31,2337
"Russia",2020-04-01,2777
"Russia",2020-04-02,3548
"Russia",2020-04-03,4149
"Russia",2020-04-04,4731
"Russia",2020-04-05,5389
"Russia",2020-04-06,6343
"Russia",2020-04-07,7497
"Russia",2020-04-08,8672
"Russia",2020-04-09,10131
"Russia",2020-04-10,11917
"Russia",2020-04-11,13584
"Russia",2020-04-12,15770
"Russia",2020-04-13,18328
"Russia",2020-04-14,21102
"Russia",2020-04-15,24490
"Russia",2020-04-16,27938
"Russia",2020-04-17,32008
"Russia",2020-04-18,36793
"Russia",2020-04-19,42853
"Russia",2020-04-20,47121
"Russia",2020-04-21,52763
"Russia",2020-04-22,57999
"Russia",2020-04-23,62773
"Russia",2020-04-24,68622
"Russia",2020-04-25,74588
"Russia",2020-04-26,80949
"Russia",2020-04-27,87147
"Russia",2020-04-28,93558
"Russia",2020-04-29,99399
"Russia",2020-04-30,106498
"Russia",2020-05-01,114431
"Russia",2020-05-02,124054
"Russia",2020-05-03,134687
"Russia",2020-05-04,145268
"Russia",2020-05-05,155370
"Russia",2020-05-06,165929
"Russia",2020-05-07,177160
"Saudi Arabia",2020-01-22,0
"Saudi Arabia",2020-01-23,0
"Saudi Arabia",2020-01-24,0
"Saudi Arabia",2020-01-25,0
"Saudi Arabia",2020-01-26,0
"Saudi Arabia",2020-01-27,0
"Saudi Arabia",2020-01-28,0
"Saudi Arabia",2020-01-29,0
"Saudi Arabia",2020-01-30,0
"Saudi Arabia",2020-01-31,0
"Saudi Arabia",2020-02-01,0
"Saudi Arabia",2020-02-02,0
"Saudi Arabia",2020-02-03,0
"Saudi Arabia",2020-02-04,0
"Saudi Arabia",2020-02-05,0
"Saudi Arabia",2020-02-06,0
"Saudi Arabia",2020-02-07,0
"Saudi Arabia",2020-02-08,0
"Saudi Arabia",2020-02-09,0
"Saudi Arabia",2020-02-10,0
"Saudi Arabia",2020-02-11,0
"Saudi Arabia",2020-02-12,0
"Saudi Arabia",2020-02-13,0
"Saudi Arabia",2020-02-14,0
"Saudi Arabia",2020-02-15,0
"Saudi Arabia",2020-02-16,0
"Saudi Arabia",2020-02-17,0
"Saudi Arabia",2020-02-18,0
"Saudi Arabia",2020-02-19,0
"Saudi Arabia",2020-02-20,0
"Saudi Arabia",2020-02-21,0
"Saudi Arabia",2020-02-22,0
"Saudi Arabia",2020-02-23,0
"Saudi Arabia",2020-02-24,0
"Saudi Arabia",2020-02-25,0
"Saudi Arabia",2020-02-26,0
"Saudi Arabia",2020-02-27,0
"Saudi Arabia",2020-02-28,0
"Saudi Arabia",2020-02-29,0
"Saudi Arabia",2020-03-01,0
"Saudi Arabia",2020-03-02,1
"Saudi Arabia",2020-03-03,1
"Saudi Arabia",2020-03-04,1
"Saudi Arabia",2020-03-05,5
"Saudi Arabia",2020-03-06,5
"Saudi Arabia",2020-03-07,5
"Saudi Arabia",2020-03-08,11
"Saudi Arabia",2020-03-09,15
"Saudi Arabia",2020-03-10,20
"Saudi Arabia",2020-03-11,21
"Saudi Arabia",2020-03-12,45
"Saudi Arabia",2020-03-13,86
"Saudi Arabia",2020-03-14,103
"Saudi Arabia",2020-03-15,103
"Saudi Arabia",2020-03-16,118
"Saudi Arabia",2020-03-17,171
"Saudi Arabia",2020-03-18,171
"Saudi Arabia",2020-03-19,274
"Saudi Arabia",2020-03-20,344
"Saudi Arabia",2020-03-21,392
"Saudi Arabia",2020-03-22,511
"Saudi Arabia",2020-03-23,562
"Saudi Arabia",2020-03-24,767
"Saudi Arabia",2020-03-25,900
"Saudi Arabia",2020-03-26,1012
"Saudi Arabia",2020-03-27,1104
"Saudi Arabia",2020-03-28,1203
"Saudi Arabia",2020-03-29,1299
"Saudi Arabia",2020-03-30,1453
"Saudi Arabia",2020-03-31,1563
"Saudi Arabia",2020-04-01,1720
"Saudi Arabia",2020-04-02,1885
"Saudi Arabia",2020-04-03,2039
"Saudi Arabia",2020-04-04,2179
"Saudi Arabia",2020-04-05,2402
"Saudi Arabia",2020-04-06,2605
"Saudi Arabia",2020-04-07,2795
"Saudi Arabia",2020-04-08,2932
"Saudi Arabia",2020-04-09,3287
"Saudi Arabia",2020-04-10,3651
"Saudi Arabia",2020-04-11,4033
"Saudi Arabia",2020-04-12,4462
"Saudi Arabia",2020-04-13,4934
"Saudi Arabia",2020-04-14,5369
"Saudi Arabia",2020-04-15,5862
"Saudi Arabia",2020-04-16,6380
"Saudi Arabia",2020-04-17,7142
"Saudi Arabia",2020-04-18,8274
"Saudi Arabia",2020-04-19,9362
"Saudi Arabia",2020-04-20,10484
"Saudi Arabia",2020-04-21,11631
"Saudi Arabia",2020-04-22,12772
"Saudi Arabia",2020-04-23,13930
"Saudi Arabia",2020-04-24,15102
"Saudi Arabia",2020-04-25,16299
"Saudi Arabia",2020-04-26,17522
"Saudi Arabia",2020-04-27,18811
"Saudi Arabia",2020-04-28,20077
"Saudi Arabia",2020-04-29,21402
"Saudi Arabia",2020-04-30,22753
"Saudi Arabia",2020-05-01,24097
"Saudi Arabia",2020-05-02,25459
"Saudi Arabia",2020-05-03,27011
"Saudi Arabia",2020-05-04,28656
"Saudi Arabia",2020-05-05,30251
"Saudi Arabia",2020-05-06,31938
"Saudi Arabia",2020-05-07,33731
"Singapore",2020-01-22,0
"Singapore",2020-01-23,1
"Singapore",2020-01-24,3
"Singapore",2020-01-25,3
"Singapore",2020-01-26,4
"Singapore",2020-01-27,5
"Singapore",2020-01-28,7
"Singapore",2020-01-29,7
"Singapore",2020-01-30,10
"Singapore",2020-01-31,13
"Singapore",2020-02-01,16
"Singapore",2020-02-02,18
"Singapore",2020-02-03,18
"Singapore",2020-02-04,24
"Singapore",2020-02-05,28
"Singapore",2020-02-06,28
"Singapore",2020-02-07,30
"Singapore",2020-02-08,33
"Singapore",2020-02-09,40
"Singapore",2020-02-10,45
"Singapore",2020-02-11,47
"Singapore",2020-02-12,50
"Singapore",2020-02-13,58
"Singapore",2020-02-14,67
"Singapore",2020-02-15,72
"Singapore",2020-02-16,75
"Singapore",2020-02-17,77
"Singapore",2020-02-18,81
"Singapore",2020-02-19,84
"Singapore",2020-02-20,84
"Singapore",2020-02-21,85
"Singapore",2020-02-22,85
"Singapore",2020-02-23,89
"Singapore",2020-02-24,89
"Singapore",2020-02-25,91
"Singapore",2020-02-26,93
"Singapore",2020-02-27,93
"Singapore",2020-02-28,93
"Singapore",2020-02-29,102
"Singapore",2020-03-01,106
"Singapore",2020-03-02,108
"Singapore",2020-03-03,110
"Singapore",2020-03-04,110
"Singapore",2020-03-05,117
"Singapore",2020-03-06,130
"Singapore",2020-03-07,138
"Singapore",2020-03-08,150
"Singapore",2020-03-09,150
"Singapore",2020-03-10,160
"Singapore",2020-03-11,178
"Singapore",2020-03-12,178
"Singapore",2020-03-13,200
"Singapore",2020-03-14,212
"Singapore",2020-03-15,226
"Singapore",2020-03-16,243
"Singapore",2020-03-17,266
"Singapore",2020-03-18,313
"Singapore",2020-03-19,345
"Singapore",2020-03-20,385
"Singapore",2020-03-21,432
"Singapore",2020-03-22,455
"Singapore",2020-03-23,509
"Singapore",2020-03-24,558
"Singapore",2020-03-25,631
"Singapore",2020-03-26,683
"Singapore",2020-03-27,732
"Singapore",2020-03-28,802
"Singapore",2020-03-29,844
"Singapore",2020-03-30,879
"Singapore",2020-03-31,926
"Singapore",2020-04-01,1000
"Singapore",2020-04-02,1049
"Singapore",2020-04-03,1114
"Singapore",2020-04-04,1189
"Singapore",2020-04-05,1309
"Singapore",2020-04-06,1375
"Singapore",2020-04-07,1481
"Singapore",2020-04-08,1623
"Singapore",2020-04-09,1910
"Singapore",2020-04-10,2108
"Singapore",2020-04-11,2299
"Singapore",2020-04-12,2532
"Singapore",2020-04-13,2918
"Singapore",2020-04-14,3252
"Singapore",2020-04-15,3699
"Singapore",2020-04-16,4427
"Singapore",2020-04-17,5050
"Singapore",2020-04-18,5992
"Singapore",2020-04-19,6588
"Singapore",2020-04-20,8014
"Singapore",2020-04-21,9125
"Singapore",2020-04-22,10141
"Singapore",2020-04-23,11178
"Singapore",2020-04-24,12075
"Singapore",2020-04-25,12693
"Singapore",2020-04-26,13624
"Singapore",2020-04-27,14423
"Singapore",2020-04-28,14951
"Singapore",2020-04-29,15641
"Singapore",2020-04-30,16169
"Singapore",2020-05-01,17101
"Singapore",2020-05-02,17548
"Singapore",2020-05-03,18205
"Singapore",2020-05-04,18778
"Singapore",2020-05-05,19410
"Singapore",2020-05-06,20198
"Singapore",2020-05-07,20939
"Spain",2020-01-22,0
"Spain",2020-01-23,0
"Spain",2020-01-24,0
"Spain",2020-01-25,0
"Spain",2020-01-26,0
"Spain",2020-01-27,0
"Spain",2020-01-28,0
"Spain",2020-01-29,0
"Spain",2020-01-30,0
"Spain",2020-01-31,0
"Spain",2020-02-01,1
"Spain",2020-02-02,1
"Spain",2020-02-03,1
"Spain",2020-02-04,1
"Spain",2020-02-05,1
"Spain",2020-02-06,1
"Spain",2020-02-07,1
"Spain",2020-02-08,1
"Spain",2020-02-09,2
"Spain",2020-02-10,2
"Spain",2020-02-11,2
"Spain",2020-02-12,2
"Spain",2020-02-13,2
"Spain",2020-02-14,2
"Spain",2020-02-15,2
"Spain",2020-02-16,2
"Spain",2020-02-17,2
"Spain",2020-02-18,2
"Spain",2020-02-19,2
"Spain",2020-02-20,2
"Spain",2020-02-21,2
"Spain",2020-02-22,2
"Spain",2020-02-23,2
"Spain",2020-02-24,2
"Spain",2020-02-25,6
"Spain",2020-02-26,13
"Spain",2020-02-27,15
"Spain",2020-02-28,32
"Spain",2020-02-29,45
"Spain",2020-03-01,84
"Spain",2020-03-02,120
"Spain",2020-03-03,165
"Spain",2020-03-04,222
"Spain",2020-03-05,259
"Spain",2020-03-06,400
"Spain",2020-03-07,500
"Spain",2020-03-08,673
"Spain",2020-03-09,1073
"Spain",2020-03-10,1695
"Spain",2020-03-11,2277
"Spain",2020-03-12,2277
"Spain",2020-03-13,5232
"Spain",2020-03-14,6391
"Spain",2020-03-15,7798
"Spain",2020-03-16,9942
"Spain",2020-03-17,11748
"Spain",2020-03-18,13910
"Spain",2020-03-19,17963
"Spain",2020-03-20,20410
"Spain",2020-03-21,25374
"Spain",2020-03-22,28768
"Spain",2020-03-23,35136
"Spain",2020-03-24,39885
"Spain",2020-03-25,49515
"Spain",2020-03-26,57786
"Spain",2020-03-27,65719
"Spain",2020-03-28,73235
"Spain",2020-03-29,80110
"Spain",2020-03-30,87956
"Spain",2020-03-31,95923
"Spain",2020-04-01,104118
"Spain",2020-04-02,112065
"Spain",2020-04-03,119199
"Spain",2020-04-04,126168
"Spain",2020-04-05,131646
"Spain",2020-04-06,136675
"Spain",2020-04-07,141942
"Spain",2020-04-08,148220
"Spain",2020-04-09,153222
"Spain",2020-04-10,158273
"Spain",2020-04-11,163027
"Spain",2020-04-12,166831
"Spain",2020-04-13,170099
"Spain",2020-04-14,172541
"Spain",2020-04-15,177644
"Spain",2020-04-16,184948
"Spain",2020-04-17,190839
"Spain",2020-04-18,191726
"Spain",2020-04-19,198674
"Spain",2020-04-20,200210
"Spain",2020-04-21,204178
"Spain",2020-04-22,208389
"Spain",2020-04-23,213024
"Spain",2020-04-24,202990
"Spain",2020-04-25,205905
"Spain",2020-04-26,207634
"Spain",2020-04-27,209465
"Spain",2020-04-28,210773
"Spain",2020-04-29,212917
"Spain",2020-04-30,213435
"Spain",2020-05-01,213435
"Spain",2020-05-02,216582
"Spain",2020-05-03,217466
"Spain",2020-05-04,218011
"Spain",2020-05-05,219329
"Spain",2020-05-06,220325
"Spain",2020-05-07,221447
"Sweden",2020-01-22,0
"Sweden",2020-01-23,0
"Sweden",2020-01-24,0
"Sweden",2020-01-25,0
"Sweden",2020-01-26,0
"Sweden",2020-01-27,0
"Sweden",2020-01-28,0
"Sweden",2020-01-29,0
"Sweden",2020-01-30,0
"Sweden",2020-01-31,1
"Sweden",2020-02-01,1
"Sweden",2020-02-02,1
"Sweden",2020-02-03,1
"Sweden",2020-02-04,1
"Sweden",2020-02-05,1
"Sweden",2020-02-06,1
"Sweden",2020-02-07,1
"Sweden",2020-02-08,1
"Sweden",2020-02-09,1
"Sweden",2020-02-10,1
"Sweden",2020-02-11,1
"Sweden",2020-02-12,1
"Sweden",2020-02-13,1
"Sweden",2020-02-14,1
"Sweden",2020-02-15,1
"Sweden",2020-02-16,1
"Sweden",2020-02-17,1
"Sweden",2020-02-18,1
"Sweden",2020-02-19,1
"Sweden",2020-02-20,1
"Sweden",2020-02-21,1
"Sweden",2020-02-22,1
"Sweden",2020-02-23,1
"Sweden",2020-02-24,1
"Sweden",2020-02-25,1
"Sweden",2020-02-26,2
"Sweden",2020-02-27,7
"Sweden",2020-02-28,7
"Sweden",2020-02-29,12
"Sweden",2020-03-01,14
"Sweden",2020-03-02,15
"Sweden",2020-03-03,21
"Sweden",2020-03-04,35
"Sweden",2020-03-05,94
"Sweden",2020-03-06,101
"Sweden",2020-03-07,161
"Sweden",2020-03-08,203
"Sweden",2020-03-09,248
"Sweden",2020-03-10,355
"Sweden",2020-03-11,500
"Sweden",2020-03-12,599
"Sweden",2020-03-13,814
"Sweden",2020-03-14,961
"Sweden",2020-03-15,1022
"Sweden",2020-03-16,1103
"Sweden",2020-03-17,1190
"Sweden",2020-03-18,1279
"Sweden",2020-03-19,1439
"Sweden",2020-03-20,1639
"Sweden",2020-03-21,1763
"Sweden",2020-03-22,1934
"Sweden",2020-03-23,2046
"Sweden",2020-03-24,2286
"Sweden",2020-03-25,2526
"Sweden",2020-03-26,2840
"Sweden",2020-03-27,3069
"Sweden",2020-03-28,3447
"Sweden",2020-03-29,3700
"Sweden",2020-03-30,4028
"Sweden",2020-03-31,4435
"Sweden",2020-04-01,4947
"Sweden",2020-04-02,5568
"Sweden",2020-04-03,6131
"Sweden",2020-04-04,6443
"Sweden",2020-04-05,6830
"Sweden",2020-04-06,7206
"Sweden",2020-04-07,7693
"Sweden",2020-04-08,8419
"Sweden",2020-04-09,9141
"Sweden",2020-04-10,9685
"Sweden",2020-04-11,10151
"Sweden",2020-04-12,10483
"Sweden",2020-04-13,10948
"Sweden",2020-04-14,11445
"Sweden",2020-04-15,11927
"Sweden",2020-04-16,12540
"Sweden",2020-04-17,13216
"Sweden",2020-04-18,13822
"Sweden",2020-04-19,14385
"Sweden",2020-04-20,14777
"Sweden",2020-04-21,15322
"Sweden",2020-04-22,16004
"Sweden",2020-04-23,16755
"Sweden",2020-04-24,17567
"Sweden",2020-04-25,18177
"Sweden",2020-04-26,18640
"Sweden",2020-04-27,18926
"Sweden",2020-04-28,19621
"Sweden",2020-04-29,20302
"Sweden",2020-04-30,21092
"Sweden",2020-05-01,21520
"Sweden",2020-05-02,22082
"Sweden",2020-05-03,22317
"Sweden",2020-05-04,22721
"Sweden",2020-05-05,23216
"Sweden",2020-05-06,23918
"Sweden",2020-05-07,24623
"Switzerland",2020-01-22,0
"Switzerland",2020-01-23,0
"Switzerland",2020-01-24,0
"Switzerland",2020-01-25,0
"Switzerland",2020-01-26,0
"Switzerland",2020-01-27,0
"Switzerland",2020-01-28,0
"Switzerland",2020-01-29,0
"Switzerland",2020-01-30,0
"Switzerland",2020-01-31,0
"Switzerland",2020-02-01,0
"Switzerland",2020-02-02,0
"Switzerland",2020-02-03,0
"Switzerland",2020-02-04,0
"Switzerland",2020-02-05,0
"Switzerland",2020-02-06,0
"Switzerland",2020-02-07,0
"Switzerland",2020-02-08,0
"Switzerland",2020-02-09,0
"Switzerland",2020-02-10,0
"Switzerland",2020-02-11,0
"Switzerland",2020-02-12,0
"Switzerland",2020-02-13,0
"Switzerland",2020-02-14,0
"Switzerland",2020-02-15,0
"Switzerland",2020-02-16,0
"Switzerland",2020-02-17,0
"Switzerland",2020-02-18,0
"Switzerland",2020-02-19,0
"Switzerland",2020-02-20,0
"Switzerland",2020-02-21,0
"Switzerland",2020-02-22,0
"Switzerland",2020-02-23,0
"Switzerland",2020-02-24,0
"Switzerland",2020-02-25,1
"Switzerland",2020-02-26,1
"Switzerland",2020-02-27,8
"Switzerland",2020-02-28,8
"Switzerland",2020-02-29,18
"Switzerland",2020-03-01,27
"Switzerland",2020-03-02,42
"Switzerland",2020-03-03,56
"Switzerland",2020-03-04,90
"Switzerland",2020-03-05,114
"Switzerland",2020-03-06,214
"Switzerland",2020-03-07,268
"Switzerland",2020-03-08,337
"Switzerland",2020-03-09,374
"Switzerland",2020-03-10,491
"Switzerland",2020-03-11,652
"Switzerland",2020-03-12,652
"Switzerland",2020-03-13,1139
"Switzerland",2020-03-14,1359
"Switzerland",2020-03-15,2200
"Switzerland",2020-03-16,2200
"Switzerland",2020-03-17,2700
"Switzerland",2020-03-18,3028
"Switzerland",2020-03-19,4075
"Switzerland",2020-03-20,5294
"Switzerland",2020-03-21,6575
"Switzerland",2020-03-22,7474
"Switzerland",2020-03-23,8795
"Switzerland",2020-03-24,9877
"Switzerland",2020-03-25,10897
"Switzerland",2020-03-26,11811
"Switzerland",2020-03-27,12928
"Switzerland",2020-03-28,14076
"Switzerland",2020-03-29,14829
"Switzerland",2020-03-30,15922
"Switzerland",2020-03-31,16605
"Switzerland",2020-04-01,17768
"Switzerland",2020-04-02,18827
"Switzerland",2020-04-03,19606
"Switzerland",2020-04-04,20505
"Switzerland",2020-04-05,21100
"Switzerland",2020-04-06,21657
"Switzerland",2020-04-07,22253
"Switzerland",2020-04-08,23280
"Switzerland",2020-04-09,24051
"Switzerland",2020-04-10,24551
"Switzerland",2020-04-11,25107
"Switzerland",2020-04-12,25415
"Switzerland",2020-04-13,25688
"Switzerland",2020-04-14,25936
"Switzerland",2020-04-15,26336
"Switzerland",2020-04-16,26732
"Switzerland",2020-04-17,27078
"Switzerland",2020-04-18,27404
"Switzerland",2020-04-19,27740
"Switzerland",2020-04-20,27944
"Switzerland",2020-04-21,28063
"Switzerland",2020-04-22,28268
"Switzerland",2020-04-23,28496
"Switzerland",2020-04-24,28677
"Switzerland",2020-04-25,28894
"Switzerland",2020-04-26,29061
"Switzerland",2020-04-27,29164
"Switzerland",2020-04-28,29264
"Switzerland",2020-04-29,29407
"Switzerland",2020-04-30,29586
"Switzerland",2020-05-01,29705
"Switzerland",2020-05-02,29817
"Switzerland",2020-05-03,29905
"Switzerland",2020-05-04,29981
"Switzerland",2020-05-05,30009
"Switzerland",2020-05-06,30060
"Switzerland",2020-05-07,30126
"Turkey",2020-01-22,0
"Turkey",2020-01-23,0
"Turkey",2020-01-24,0
"Turkey",2020-01-25,0
"Turkey",2020-01-26,0
"Turkey",2020-01-27,0
"Turkey",2020-01-28,0
"Turkey",2020-01-29,0
"Turkey",2020-01-30,0
"Turkey",2020-01-31,0
"Turkey",2020-02-01,0
"Turkey",2020-02-02,0
"Turkey",2020-02-03,0
"Turkey",2020-02-04,0
"Turkey",2020-02-05,0
"Turkey",2020-02-06,0
"Turkey",2020-02-07,0
"Turkey",2020-02-08,0
"Turkey",2020-02-09,0
"Turkey",2020-02-10,0
"Turkey",2020-02-11,0
"Turkey",2020-02-12,0
"Turkey",2020-02-13,0
"Turkey",2020-02-14,0
"Turkey",2020-02-15,0
"Turkey",2020-02-16,0
"Turkey",2020-02-17,0
"Turkey",2020-02-18,0
"Turkey",2020-02-19,0
"Turkey",2020-02-20,0
"Turkey",2020-02-21,0
"Turkey",2020-02-22,0
"Turkey",2020-02-23,0
"Turkey",2020-02-24,0
"Turkey",2020-02-25,0
"Turkey",2020-02-26,0
"Turkey",2020-02-27,0
"Turkey",2020-02-28,0
"Turkey",2020-02-29,0
"Turkey",2020-03-01,0
"Turkey",2020-03-02,0
"Turkey",2020-03-03,0
"Turkey",2020-03-04,0
"Turkey",2020-03-05,0
"Turkey",2020-03-06,0
"Turkey",2020-03-07,0
"Turkey",2020-03-08,0
"Turkey",2020-03-09,0
"Turkey",2020-03-10,0
"Turkey",2020-03-11,1
"Turkey",2020-03-12,1
"Turkey",2020-03-13,5
"Turkey",2020-03-14,5
"Turkey",2020-03-15,6
"Turkey",2020-03-16,18
"Turkey",2020-03-17,47
"Turkey",2020-03-18,98
"Turkey",2020-03-19,192
"Turkey",2020-03-20,359
"Turkey",2020-03-21,670
"Turkey",2020-03-22,1236
"Turkey",2020-03-23,1529
"Turkey",2020-03-24,1872
"Turkey",2020-03-25,2433
"Turkey",2020-03-26,3629
"Turkey",2020-03-27,5698
"Turkey",2020-03-28,7402
"Turkey",2020-03-29,9217
"Turkey",2020-03-30,10827
"Turkey",2020-03-31,13531
"Turkey",2020-04-01,15679
"Turkey",2020-04-02,18135
"Turkey",2020-04-03,20921
"Turkey",2020-04-04,23934
"Turkey",2020-04-05,27069
"Turkey",2020-04-06,30217
"Turkey",2020-04-07,34109
"Turkey",2020-04-08,38226
"Turkey",2020-04-09,42282
"Turkey",2020-04-10,47029
"Turkey",2020-04-11,52167
"Turkey",2020-04-12,56956
"Turkey",2020-04-13,61049
"Turkey",2020-04-14,65111
"Turkey",2020-04-15,69392
"Turkey",2020-04-16,74193
"Turkey",2020-04-17,78546
"Turkey",2020-04-18,82329
"Turkey",2020-04-19,86306
"Turkey",2020-04-20,90980
"Turkey",2020-04-21,95591
"Turkey",2020-04-22,98674
"Turkey",2020-04-23,101790
"Turkey",2020-04-24,104912
"Turkey",2020-04-25,107773
"Turkey",2020-04-26,110130
"Turkey",2020-04-27,112261
"Turkey",2020-04-28,114653
"Turkey",2020-04-29,117589
"Turkey",2020-04-30,120204
"Turkey",2020-05-01,122392
"Turkey",2020-05-02,124375
"Turkey",2020-05-03,126045
"Turkey",2020-05-04,127659
"Turkey",2020-05-05,129491
"Turkey",2020-05-06,131744
"Turkey",2020-05-07,133721
"United Arab Emirates",2020-01-22,0
"United Arab Emirates",2020-01-23,0
"United Arab Emirates",2020-01-24,0
"United Arab Emirates",2020-01-25,0
"United Arab Emirates",2020-01-26,0
"United Arab Emirates",2020-01-27,0
"United Arab Emirates",2020-01-28,0
"United Arab Emirates",2020-01-29,4
"United Arab Emirates",2020-01-30,4
"United Arab Emirates",2020-01-31,4
"United Arab Emirates",2020-02-01,4
"United Arab Emirates",2020-02-02,5
"United Arab Emirates",2020-02-03,5
"United Arab Emirates",2020-02-04,5
"United Arab Emirates",2020-02-05,5
"United Arab Emirates",2020-02-06,5
"United Arab Emirates",2020-02-07,5
"United Arab Emirates",2020-02-08,7
"United Arab Emirates",2020-02-09,7
"United Arab Emirates",2020-02-10,8
"United Arab Emirates",2020-02-11,8
"United Arab Emirates",2020-02-12,8
"United Arab Emirates",2020-02-13,8
"United Arab Emirates",2020-02-14,8
"United Arab Emirates",2020-02-15,8
"United Arab Emirates",2020-02-16,9
"United Arab Emirates",2020-02-17,9
"United Arab Emirates",2020-02-18,9
"United Arab Emirates",2020-02-19,9
"United Arab Emirates",2020-02-20,9
"United Arab Emirates",2020-02-21,9
"United Arab Emirates",2020-02-22,13
"United Arab Emirates",2020-02-23,13
"United Arab Emirates",2020-02-24,13
"United Arab Emirates",2020-02-25,13
"United Arab Emirates",2020-02-26,13
"United Arab Emirates",2020-02-27,13
"United Arab Emirates",2020-02-28,19
"United Arab Emirates",2020-02-29,21
"United Arab Emirates",2020-03-01,21
"United Arab Emirates",2020-03-02,21
"United Arab Emirates",2020-03-03,27
"United Arab Emirates",2020-03-04,27
"United Arab Emirates",2020-03-05,29
"United Arab Emirates",2020-03-06,29
"United Arab Emirates",2020-03-07,45
"United Arab Emirates",2020-03-08,45
"United Arab Emirates",2020-03-09,45
"United Arab Emirates",2020-03-10,74
"United Arab Emirates",2020-03-11,74
"United Arab Emirates",2020-03-12,85
"United Arab Emirates",2020-03-13,85
"United Arab Emirates",2020-03-14,85
"United Arab Emirates",2020-03-15,98
"United Arab Emirates",2020-03-16,98
"United Arab Emirates",2020-03-17,98
"United Arab Emirates",2020-03-18,113
"United Arab Emirates",2020-03-19,140
"United Arab Emirates",2020-03-20,140
"United Arab Emirates",2020-03-21,153
"United Arab Emirates",2020-03-22,153
"United Arab Emirates",2020-03-23,198
"United Arab Emirates",2020-03-24,248
"United Arab Emirates",2020-03-25,333
"United Arab Emirates",2020-03-26,333
"United Arab Emirates",2020-03-27,405
"United Arab Emirates",2020-03-28,468
"United Arab Emirates",2020-03-29,570
"United Arab Emirates",2020-03-30,611
"United Arab Emirates",2020-03-31,664
"United Arab Emirates",2020-04-01,814
"United Arab Emirates",2020-04-02,1024
"United Arab Emirates",2020-04-03,1264
"United Arab Emirates",2020-04-04,1505
"United Arab Emirates",2020-04-05,1799
"United Arab Emirates",2020-04-06,2076
"United Arab Emirates",2020-04-07,2359
"United Arab Emirates",2020-04-08,2659
"United Arab Emirates",2020-04-09,2990
"United Arab Emirates",2020-04-10,3360
"United Arab Emirates",2020-04-11,3736
"United Arab Emirates",2020-04-12,4123
"United Arab Emirates",2020-04-13,4521
"United Arab Emirates",2020-04-14,4933
"United Arab Emirates",2020-04-15,5365
"United Arab Emirates",2020-04-16,5825
"United Arab Emirates",2020-04-17,6302
"United Arab Emirates",2020-04-18,6302
"United Arab Emirates",2020-04-19,6781
"United Arab Emirates",2020-04-20,7265
"United Arab Emirates",2020-04-21,7755
"United Arab Emirates",2020-04-22,8238
"United Arab Emirates",2020-04-23,8756
"United Arab Emirates",2020-04-24,9281
"United Arab Emirates",2020-04-25,9813
"United Arab Emirates",2020-04-26,10349
"United Arab Emirates",2020-04-27,10839
"United Arab Emirates",2020-04-28,11380
"United Arab Emirates",2020-04-29,11929
"United Arab Emirates",2020-04-30,12481
"United Arab Emirates",2020-05-01,13038
"United Arab Emirates",2020-05-02,13599
"United Arab Emirates",2020-05-03,14163
"United Arab Emirates",2020-05-04,14730
"United Arab Emirates",2020-05-05,15192
"United Arab Emirates",2020-05-06,15738
"United Arab Emirates",2020-05-07,16240
"United Kingdom",2020-01-22,0
"United Kingdom",2020-01-23,0
"United Kingdom",2020-01-24,0
"United Kingdom",2020-01-25,0
"United Kingdom",2020-01-26,0
"United Kingdom",2020-01-27,0
"United Kingdom",2020-01-28,0
"United Kingdom",2020-01-29,0
"United Kingdom",2020-01-30,0
"United Kingdom",2020-01-31,2
"United Kingdom",2020-02-01,2
"United Kingdom",2020-02-02,2
"United Kingdom",2020-02-03,2
"United Kingdom",2020-02-04,2
"United Kingdom",2020-02-05,2
"United Kingdom",2020-02-06,2
"United Kingdom",2020-02-07,3
"United Kingdom",2020-02-08,3
"United Kingdom",2020-02-09,3
"United Kingdom",2020-02-10,8
"United Kingdom",2020-02-11,8
"United Kingdom",2020-02-12,9
"United Kingdom",2020-02-13,9
"United Kingdom",2020-02-14,9
"United Kingdom",2020-02-15,9
"United Kingdom",2020-02-16,9
"United Kingdom",2020-02-17,9
"United Kingdom",2020-02-18,9
"United Kingdom",2020-02-19,9
"United Kingdom",2020-02-20,9
"United Kingdom",2020-02-21,9
"United Kingdom",2020-02-22,9
"United Kingdom",2020-02-23,9
"United Kingdom",2020-02-24,13
"United Kingdom",2020-02-25,13
"United Kingdom",2020-02-26,13
"United Kingdom",2020-02-27,15
"United Kingdom",2020-02-28,20
"United Kingdom",2020-02-29,23
"United Kingdom",2020-03-01,36
"United Kingdom",2020-03-02,40
"United Kingdom",2020-03-03,51
"United Kingdom",2020-03-04,86
"United Kingdom",2020-03-05,116
"United Kingdom",2020-03-06,164
"United Kingdom",2020-03-07,207
"United Kingdom",2020-03-08,274
"United Kingdom",2020-03-09,322
"United Kingdom",2020-03-10,384
"United Kingdom",2020-03-11,459
"United Kingdom",2020-03-12,459
"United Kingdom",2020-03-13,802
"United Kingdom",2020-03-14,1144
"United Kingdom",2020-03-15,1145
"United Kingdom",2020-03-16,1551
"United Kingdom",2020-03-17,1960
"United Kingdom",2020-03-18,2642
"United Kingdom",2020-03-19,2716
"United Kingdom",2020-03-20,4014
"United Kingdom",2020-03-21,5067
"United Kingdom",2020-03-22,5745
"United Kingdom",2020-03-23,6726
"United Kingdom",2020-03-24,8164
"United Kingdom",2020-03-25,9640
"United Kingdom",2020-03-26,11812
"United Kingdom",2020-03-27,14745
"United Kingdom",2020-03-28,17312
"United Kingdom",2020-03-29,19780
"United Kingdom",2020-03-30,22453
"United Kingdom",2020-03-31,25481
"United Kingdom",2020-04-01,29865
"United Kingdom",2020-04-02,34173
"United Kingdom",2020-04-03,38689
"United Kingdom",2020-04-04,42477
"United Kingdom",2020-04-05,48436
"United Kingdom",2020-04-06,52279
"United Kingdom",2020-04-07,55949
"United Kingdom",2020-04-08,61474
"United Kingdom",2020-04-09,65872
"United Kingdom",2020-04-10,74605
"United Kingdom",2020-04-11,79874
"United Kingdom",2020-04-12,85206
"United Kingdom",2020-04-13,89570
"United Kingdom",2020-04-14,94845
"United Kingdom",2020-04-15,99483
"United Kingdom",2020-04-16,104145
"United Kingdom",2020-04-17,109769
"United Kingdom",2020-04-18,115314
"United Kingdom",2020-04-19,121172
"United Kingdom",2020-04-20,125856
"United Kingdom",2020-04-21,130172
"United Kingdom",2020-04-22,134638
"United Kingdom",2020-04-23,139246
"United Kingdom",2020-04-24,144640
"United Kingdom",2020-04-25,149569
"United Kingdom",2020-04-26,154037
"United Kingdom",2020-04-27,158348
"United Kingdom",2020-04-28,162350
"United Kingdom",2020-04-29,166441
"United Kingdom",2020-04-30,172481
"United Kingdom",2020-05-01,178685
"United Kingdom",2020-05-02,183500
"United Kingdom",2020-05-03,187842
"United Kingdom",2020-05-04,191832
"United Kingdom",2020-05-05,196243
"United Kingdom",2020-05-06,202359
"United Kingdom",2020-05-07,207977
"US",2020-01-22,1
"US",2020-01-23,1
"US",2020-01-24,2
"US",2020-01-25,2
"US",2020-01-26,5
"US",2020-01-27,5
"US",2020-01-28,5
"US",2020-01-29,5
"US",2020-01-30,5
"US",2020-01-31,7
"US",2020-02-01,8
"US",2020-02-02,8
"US",2020-02-03,11
"US",2020-02-04,11
"US",2020-02-05,11
"US",2020-02-06,11
"US",2020-02-07,11
"US",2020-02-08,11
"US",2020-02-09,11
"US",2020-02-10,11
"US",2020-02-11,12
"US",2020-02-12,12
"US",2020-02-13,13
"US",2020-02-14,13
"US",2020-02-15,13
"US",2020-02-16,13
"US",2020-02-17,13
"US",2020-02-18,13
"US",2020-02-19,13
"US",2020-02-20,13
"US",2020-02-21,15
"US",2020-02-22,15
"US",2020-02-23,15
"US",2020-02-24,51
"US",2020-02-25,51
"US",2020-02-26,57
"US",2020-02-27,58
"US",2020-02-28,60
"US",2020-02-29,68
"US",2020-03-01,74
"US",2020-03-02,98
"US",2020-03-03,118
"US",2020-03-04,149
"US",2020-03-05,217
"US",2020-03-06,262
"US",2020-03-07,402
"US",2020-03-08,518
"US",2020-03-09,583
"US",2020-03-10,959
"US",2020-03-11,1281
"US",2020-03-12,1663
"US",2020-03-13,2179
"US",2020-03-14,2727
"US",2020-03-15,3499
"US",2020-03-16,4632
"US",2020-03-17,6421
"US",2020-03-18,7783
"US",2020-03-19,13747
"US",2020-03-20,19273
"US",2020-03-21,25600
"US",2020-03-22,33276
"US",2020-03-23,43843
"US",2020-03-24,53736
"US",2020-03-25,65778
"US",2020-03-26,83836
"US",2020-03-27,101657
"US",2020-03-28,121465
"US",2020-03-29,140909
"US",2020-03-30,161831
"US",2020-03-31,188172
"US",2020-04-01,213242
"US",2020-04-02,243622
"US",2020-04-03,275367
"US",2020-04-04,308650
"US",2020-04-05,336802
"US",2020-04-06,366317
"US",2020-04-07,397121
"US",2020-04-08,428654
"US",2020-04-09,462780
"US",2020-04-10,496535
"US",2020-04-11,526396
"US",2020-04-12,555313
"US",2020-04-13,580619
"US",2020-04-14,607670
"US",2020-04-15,636350
"US",2020-04-16,667592
"US",2020-04-17,699706
"US",2020-04-18,732197
"US",2020-04-19,758809
"US",2020-04-20,784326
"US",2020-04-21,811865
"US",2020-04-22,840351
"US",2020-04-23,869170
"US",2020-04-24,905358
"US",2020-04-25,938154
"US",2020-04-26,965785
"US",2020-04-27,988197
"US",2020-04-28,1012582
"US",2020-04-29,1039909
"US",2020-04-30,1069424
"US",2020-05-01,1103461
"US",2020-05-02,1132539
"US",2020-05-03,1158040
"US",2020-05-04,1180375
"US",2020-05-05,1204351
"US",2020-05-06,1228603
"US",2020-05-07,1257023
