"STATION_ADDR1","STATION_ID","STATION_LATITUDE","STATION_LONGITUDE"
"서울특별시 마포구 양화로 93","ST-10",37.55274582,126.9186173
"서울특별시 광진구 아차산로 262","ST-100",37.53666687,127.0735931
"서울특별시 양천구 신정동 236 ","ST-1000",37.51037979,126.8667984
"서울특별시 양천구 남부순환로4길20 ","ST-1001",0,0
"서울특별시 양천구 목동동로 316-6","ST-1002",37.5298996,126.8765411
"서울특별시 양천구 화곡로 59","ST-1003",37.53955078,126.8283005
"서울특별시 양천구 신정이펜1로50 ","ST-1004",37.51409912,126.8310013
"서울특별시 양천구 신정동 310-8 ","ST-1005",37.51395035,126.8560562
"서울특별시 양천구 목동중앙로 70 ","ST-1006",37.53643036,126.871521
"서울특별시 양천구 남부순환로70길11-9","ST-1007",37.52219009,126.8367004
"서울특별시 양천구 신월로 894 ","ST-1008",37.52256012,126.8494797
"서울특별시 양천구 신월동 263","ST-1009",0,0
"서울특별시 광진구 뚝섬로 596","ST-101",37.53297043,127.0759354
"서울특별시 양천구 신월동 263","ST-1010",37.53620148,126.8277969
"서울특별시 양천구 가로공원로 133","ST-1011",37.53636932,126.8317108
"서울특별시 양천구 신월동 258","ST-1012",37.53952026,126.8254013
"서울특별시 양천구 등촌로 236","ST-1013",37.55073166,126.8645783
"서울특별시 양천구 신정동 735-5","ST-1014",37.50889969,126.8426819
"서울특별시 양천구 목동중앙로 212 앞","ST-1015",37.54384232,126.8825455
"서울특별시 양천구 오목로 31 부근","ST-1016",37.52228165,126.8396988
"서울특별시  양천구 목동 902-5 ","ST-1017",37.53650284,126.8777466
"서울특별시 양천구 목동 903-6","ST-1018",37.53458023,126.8756485
"서울특별시 양천구 안양천로 939","ST-1019",37.53025055,126.879303
"서울특별시 광진구 아차산로 355","ST-102",37.53701019,127.0822449
"서울특별시 은평구 신사동 41-3","ST-1020",37.59714127,126.9095993
"서울특별시 은평구 역촌동 17-55","ST-1021",37.60520172,126.9221115
"서울특별시 진관동 2-6","ST-1022",0,0
"서울특별시 은평구 진관동 30-23","ST-1023",37.64585114,126.9237976
"서울특별시 진관동 44-28 ","ST-1024",37.64468384,126.918457
"서울특별시 응암동 82-31","ST-1025",37.60169983,126.9274216
"서울특별시 진관동 141-27","ST-1027",37.63722229,126.9333038
"서울특별시 진관동 16-4","ST-1028",37.64408112,126.9292831
"서울특별시 녹번동 84","ST-1029",37.60240173,126.9286499
"서울특별시 성동구 광나루로 249","ST-103",37.54906082,127.0577927
"서울특별시 은평구 녹번동 141-92","ST-1030",0,0
"서울특별시 은평구 진관동 149-17","ST-1031",37.63414001,126.9323425
"서울특별시 불광로 129","ST-1032",37.61843872,126.9328842
"서울특별시 불광동 484-165","ST-1033",37.62266922,126.9199905
"서울특별시 증산동 239","ST-1034",37.57720184,126.9023514
"서울특별시 불광동 487-2","ST-1035",37.61978149,126.9208069
"서울특별시 역촌동 1-57","ST-1036",37.61077881,126.9173508
"서울특별시 갈현동 389-15 ","ST-1037",37.61930466,126.9205933
"서울특별시 불광동 400-4번지","ST-1038",37.62265015,126.9252472
"서울특별시 불광동 73-1번지 ","ST-1039",37.6257782,126.9288178
"서울특별시 성동구 성수이로 147","ST-104",37.54820251,127.0571137
"서울특별시 강동구 상일로6길 21 한국종합기술사옥","ST-1040",37.54998398,127.1747055
"서울특별시 강동구 성내로 28 강동빌딩","ST-1041",37.52929688,127.1231537
"서울특별시  상일동 440-3","ST-1042",37.54684067,127.1725159
"서울특별시 강동구 명일동 59","ST-1043",37.54653549,127.155838
"서울특별시 강동구 천호대로 1240 프라자아파트","ST-1044",37.53596115,127.1478195
"서울특별시 강동구 천호옛길 41 포레스아파트","ST-1045",37.53310776,127.1227722
"서울특별시 강동구 성내동 43-2","ST-1046",37.53655624,127.1255341
"서울특별시 강동구 강동대로 143-22","ST-1047",37.52703094,127.1220627
"서울특별시 강동구 올림픽로 836","ST-1048",37.55582047,127.1299133
"서울특별시 강동구 암사동 524","ST-1049",37.55672836,127.136261
"서울특별시 성동구 성수이로 118","ST-105",37.54516602,127.0575104
"서울특별시 강동구 고덕동 469","ST-1050",37.5580101,127.1447525
"서울특별시 강동구 고덕동 585-4","ST-1051",37.5618782,127.1507874
"서울특별시 강동구 명일동 46-6","ST-1052",37.55509567,127.1552811
"서울특별시 강동구 명일동 48-25","ST-1053",37.55199051,127.1533127
"서울특별시 강동구 강일동 684-2","ST-1054",37.56256485,127.1776123
"서울특별시 강동구 강일동 667-4","ST-1055",37.56863785,127.1748047
"서울특별시 강동구 고덕로83길 55","ST-1056",37.56129837,127.1678467
"서울특별시 고덕동 375","ST-1057",37.56719971,127.1634598
"서울특별시 강동구 동남로79길 46 서울묘곡초등학교","ST-1058",37.55916214,127.1533203
"서울특별시 강동구 아리수로97길 68 강일리버파크2단지아파트","ST-1059",37.5685463,127.1770096
"서울특별시 성동구 뚝섬로 379","ST-106",37.53965378,127.0525894
"서울특별시 둔촌동 산 125","ST-1060",0,0
"서울특별시 강동구 천호동 42-1","ST-1061",37.54540634,127.1426773
"서울특별시 강서구 공항대로3길 18","ST-1062",37.56155014,126.8104782
"서울특별시 강서구 마곡동 727-716","ST-1063",37.56023407,126.8234711
"서울특별시 강서구 마곡동 728-168","ST-1064",37.55831146,126.8265228
"서울특별시 강서구 공항대로 281","ST-1065",37.5588913,126.8372192
"서울특별시 서울 강서구 내발산동 741-8","ST-1066",0,0
"서울특별시 강서구 가양동 1458-15 ","ST-1067",37.56925964,126.8484192
"서울특별시 강서구 화곡동 1136-1","ST-1068",0,0
"서울특별시 강서구 화곡로 302","ST-1069",37.55065918,126.8497696
"서울특별시 성동구 왕십리로11길 9","ST-107",37.54122162,127.0438004
"서울특별시 송파구 송파동 68 ","ST-1070",37.50593185,127.1077499
"서울특별시  송파구 가락동 10-15 ","ST-1072",37.50165176,127.1281815
"서울특별시 서울 송파구 오금동 44-2 ","ST-1073",0,0
"서울특별시 서울 송파구 가락동 165-2 ","ST-1074",0,0
"서울특별시 송파구 문정동 3-2 ","ST-1075",37.49113083,127.1258087
"서울특별시 송파구 가락동 214-15 ","ST-1076",37.49209976,127.1177521
"서울특별시 서울 송파구 가락동 195-4","ST-1077",37.49319839,127.1289978
"서울특별시 송파구 오금동 17-20","ST-1078",37.50898361,127.1265945
"서울특별시 송파구 방이동 225-1","ST-1079",37.50630188,127.1213989
"서울특별시 성동구 왕십리로 지하77","ST-108",37.54458237,127.0446091
"서울특별시 송파구 송파동 69 ","ST-1080",37.50582886,127.1070557
"서울특별시 송파구 송파동 2-3 ","ST-1081",37.50580215,127.1097183
"서울특별시 송파구 장지동 861-6","ST-1082",37.48054123,127.1370163
"서울특별시 송파구 풍납동 490-16","ST-1083",37.53858185,127.1228027
"서울특별시 송파구 문정동 38-3","ST-1084",37.48598862,127.1247635
"서울특별시 송파구 문정동 627","ST-1085",37.47880936,127.1200028
"서울특별시 송파구 올림픽로 424","ST-1086",37.51424026,127.1230698
"서울특별시 송파구 방이동 88-21 ","ST-1087",37.51728821,127.1141968
"서울특별시 송파구 올림픽로 135","ST-1088",37.51194382,127.091217
"서울특별시 송파구 동남로 263","ST-1089",37.49998474,127.1353912
"서울특별시 성동구 아차산로 18","ST-109",37.5485611,127.0450058
"서울특별시  송파구 충민로 120","ST-1090",0,0
"서울특별시 송파구 삼학사로 136","ST-1091",0,0
"서울특별시 송파구 올림픽로 565","ST-1092",37.53284836,127.121048
"서울특별시 중화동 50-8","ST-1093",37.59859085,127.0798187
"서울특별시 중랑구 망우동 534-23 ","ST-1094",37.59552002,127.0987778
"서울특별시 면목동 646-4","ST-1095",37.57402802,127.0805435
"서울특별시 면목동 197-5","ST-1096",37.5799408,127.0793991
"서울특별시 중랑구 면목동 282-8","ST-1097",37.59130096,127.0803299
"서울특별시 면목동 120-2","ST-1098",37.58890152,127.0872803
"서울특별시 상봉동 160-3","ST-1099",37.59732056,127.089798
"서울특별시 마포구 어울마당로 26","ST-11",37.54769135,126.9199829
"서울특별시 마포구 구룡길 19","ST-110",37.58752441,126.8830032
"서울특별시 강북구 수유동 140","ST-1100",37.64173889,127.0246277
"서울특별시 강북구 미아동 194-1","ST-1101",37.62733459,127.0260544
"서울특별시 미아동 813-8","ST-1102",37.61503601,127.0206986
"서울특별시 미아동 194-1","ST-1103",37.63018036,127.02491
"서울특별시 강북구 노해로 87 ","ST-1104",37.64355087,127.0223465
"서울특별시 강북구 미아동 66-1","ST-1105",37.61395645,127.0302506
"서울특별시 강북구 번동 2-2","ST-1106",37.62635422,127.0474472
"서울특별시 강북구 번동 254","ST-1107",37.62991714,127.0409164
"서울특별시 강북구 번동 105","ST-1108",37.61963654,127.0445328
"서울특별시 수유동 230-7","ST-1109",37.6362915,127.0233765
"서울특별시 성동구 아차산로 18","ST-111",37.54630661,127.0498047
"서울특별시 번동 386-17","ST-1110",37.63626099,127.0321732
"서울특별시 노원구 공릉동 687-6","ST-1111",37.61736679,127.0752106
"서울특별시 노원구 공릉동 425-9","ST-1112",0,0
"서울특별시 노원구 공릉동 26-43","ST-1114",37.63848877,127.1079025
"서울특별시 노원구 공릉동 320-2","ST-1115",0,0
"서울특별시 노원구 중계동 391","ST-1116",0,0
"서울특별시 노원구 중계동 503-3","ST-1117",0,0
"서울특별시 노원구 중계동 506-3","ST-1118",37.63957977,127.0651016
"서울특별시 노원구 상계동 1118-9","ST-1119",37.67237473,127.0559921
"서울특별시 성동구 아차산로 171","ST-112",37.54257965,127.0633087
"서울특별시 노원구 상계동 1263","ST-1120",37.68000031,127.0555801
"서울특별시 노원구 상계동 335-4","ST-1121",37.65620041,127.0636215
"서울특별시 노원구 상계동 172-2","ST-1122",37.66379166,127.0754471
"서울특별시 동일로 1127","ST-1123",37.63111115,127.0701599
"서울특별시 노원구 노원로 434 상계2차중앙하이츠아파트","ST-1124",37.65501785,127.0675049
"서울특별시 노원구 노해로 437 ","ST-1125",37.65404892,127.0573273
"서울특별시 노원구 동일로 1532","ST-1126",0,0
"서울특별시 노원구 중계동 370","ST-1127",37.65032959,127.0716019
"서울특별시 노원구 하계동 266","ST-1128",37.64207077,127.076622
"서울특별시  도봉구 노해로140","ST-1129",37.64726639,127.0258789
"서울특별시 광진구 자양로3길 7","ST-113",37.53023529,127.0868301
"서울특별시 도봉구 덕릉로 315","ST-1130",37.64463043,127.0446091
"서울특별시 도봉구 삼양로556","ST-1131",37.65317917,127.0127869
"서울특별시 도봉구 마들로11길 20","ST-1132",37.65420151,127.0507278
"서울특별시 도봉구 창동 1-24","ST-1133",37.65570831,127.0501022
"서울특별시 도봉구 시루봉로 11길 25-8","ST-1134",0,0
"서울특별시  도봉구 도봉로 771","ST-1135",37.67328262,127.0439911
"서울특별시 도봉구 마들로 656","ST-1136",37.66867065,127.0479813
"서울특별시 창동 74-2 ","ST-1137",37.65301514,127.0469971
"서울특별시 가산동 464-2","ST-1138",0,0
"서울특별시 가산동 371-27","ST-1139",0,0
"서울특별시 광진구 광나루로 355","ST-114",37.54840469,127.0693665
"서울특별시 가산동 60-35","ST-1140",37.47705841,126.8851852
"서울특별시 가산동 219-18","ST-1141",37.47510147,126.8880692
"서울특별시 가산동 144-3","ST-1142",37.4769516,126.8918686
"서울특별시 시흥동 1000-3","ST-1143",37.46257401,126.9068604
"서울특별시 독산동 906-42","ST-1144",37.47709656,126.9111328
"서울특별시 금천구 시흥대로236","ST-1145",0,0
"서울특별시 금천구 벚꽃로40 ","ST-1146",37.460289,126.892189
"서울특별시 금천구 독산동 441-19 ","ST-1147",37.46017075,126.8960419
"서울특별시 금천구 안양천로","ST-1148",37.46103287,126.8871002
"서울특별시 금천구 가산동 60-73 ","ST-1149",37.4762764,126.8853912
"서울특별시 성동구 성수이로24길 38","ST-115",37.54400635,127.0621491
"서울특별시 동작구 노량진동 113-7 ","ST-1150",37.5135231,126.9435272
"서울특별시 동작구 신대방동 395 ","ST-1151",37.49707794,126.9177933
"서울특별시 동작구 사당동 1131 ","ST-1152",37.48463058,126.97155
"서울특별시 동작구 흑석동 27-83 ","ST-1153",37.50592804,126.9692307
"서울특별시 사당동 211-2 ","ST-1154",37.48665237,126.9678421
"서울특별시 관악구 봉천동 859-9 ","ST-1155",0,0
"서울특별시 관악구 봉천동 244-1 ","ST-1156",37.47509003,126.9592285
"서울특별시 관악로 145","ST-1157",37.47862625,126.951294
"서울특별시 서초동 1748-14","ST-1158",37.49053955,127.0081635
"서울특별시 반포동 20-44","ST-1159",0,0
"서울특별시 중구 정동길 2-1","ST-116",37.56805038,126.9692307
"서울특별시 서초동 1389","ST-1160",37.50231934,127.0222702
"서울특별시 잠원동 91-29","ST-1161",37.51034927,127.0160523
"서울특별시 신원동 266","ST-1162",37.44896698,127.0577393
"서울특별시 서초구 방배로 162","ST-1163",37.48786545,126.9942932
"서울특별시 서초동 1748-33","ST-1164",37.4873085,127.010582
"서울특별시 양재동 67-12","ST-1165",37.47782898,127.038269
"서울특별시 양재동 316-11","ST-1166",37.46965027,127.0396118
"서울특별시 염곡동 260-1","ST-1167",37.46157837,127.0487976
"서울특별시 양재동 261-23","ST-1168",37.47438812,127.0389023
"서울특별시 잠원동 84-3","ST-1169",37.51486969,127.0152817
"서울특별시 종로구 사직로 지하130","ST-117",37.57579422,126.9714508
"서울특별시 강남구 신사동 580-7","ST-1170",37.52684402,127.0282593
"서울특별시 강남구 신사동 501-5","ST-1171",37.51763535,127.0224533
"서울특별시 강남구 도산대로 172","ST-1172",37.51913834,127.0275192
"서울특별시 강남구 도산대로 229 ","ST-1173",37.52124023,127.0318985
"서울특별시 강남구 도산대로 333 ","ST-1174",37.52330017,127.038475
"서울특별시 강남구 언주로 536","ST-1176",0,0
"서울특별시 강남구 도곡동 874-1","ST-1177",37.48934174,127.0412979
"서울특별시 강남구 대치동 1011","ST-1178",37.50542831,127.0528717
"서울특별시 강남구 대치동 1026","ST-1179",37.49655151,127.0542984
"서울특별시 종로구 사직로 지하130","ST-118",37.57594681,126.9740601
"서울특별시 강남구 언주로 651","ST-1180",37.51474762,127.0351334
"서울특별시 강남구 삼성로 156 ","ST-1181",37.49449921,127.063797
"서울특별시 강남구 개포동 181-3","ST-1182",37.48927689,127.0655747
"서울특별시 강남구 수서동 728","ST-1184",37.48735046,127.1009979
"서울특별시 강남구 수서동 740","ST-1185",37.48677826,127.1005173
"서울특별시 강남구 수서동 724-4","ST-1186",37.48683548,127.1027527
"서울특별시 강남구 개포동 153","ST-1187",0,0
"서울특별시 서대문구 신촌로 235-1","ST-1188",37.55739594,126.9521637
"서울특별시 서대문구 연희로 242","ST-1189",37.57838058,126.9360962
"서울특별시 종로구 세종대로 지하189","ST-119",37.57176971,126.9746628
"서울특별시 서대문구 연희로 113","ST-1190",37.56796646,126.9317246
"서울특별시 광진구 자양동 203-22","ST-1191",37.53701401,127.0610962
"서울특별시 광진구 능동 465-7","ST-1192",37.54595184,127.0780029
"서울특별시 광진구 화양동 21-6","ST-1193",37.54822159,127.0678787
"서울특별시 광진구 군자동 111-2","ST-1194",37.55341721,127.0731964
"서울특별시 성동구 고산자로 123","ST-1195",37.55125046,127.0351028
"서울특별시 성동구 하왕십리동 860-1 ","ST-1197",37.56460953,127.0291977
"서울특별시 성동구 상왕십리동 350-1 ","ST-1198",37.56626129,127.0236969
"서울특별시 성동구 성수동1가 678-1","ST-1199",37.54281616,127.0420837
"서울특별시 서대문구 연희로 6","ST-12",37.55893326,126.9271164
"서울특별시 종로구 세종대로 지하172","ST-120",37.57211304,126.9775772
"서울특별시 성북구 보문로 192","ST-1200",37.59125137,127.0140076
"서울특별시 성북구 인촌로7길 120","ST-1201",37.59038162,127.0171356
"서울특별시 성북구 인촌로7길 24","ST-1202",37.5868988,127.020752
"서울특별시 성북구 월계로 28","ST-1203",37.610569,127.0335083
"서울특별시 성북구 장위동 134-27","ST-1204",37.61784363,127.0550003
"서울특별시 노원구 화랑로 341","ST-1205",0,0
"서울특별시 성북구 성북로21길 32","ST-1206",37.59261703,126.9979324
"서울특별시 성북구 동소문로 11","ST-1207",37.58924866,127.0073776
"서울특별시 성북구 아리랑로 82","ST-1208",37.60028839,127.0137024
"서울특별시 성북구 북악산로 870","ST-1209",0,0
"서울특별시 종로구 삼봉로 43","ST-121",37.57258224,126.9783554
"서울특별시 성북구 길음로13길 22","ST-1210",37.60897827,127.0202484
"서울특별시 성북구 길음로 33","ST-1211",37.60710526,127.0214996
"서울특별시 성북구 길음로 20","ST-1212",37.60475159,127.0227585
"서울특별시 성북구 한천로101길 18","ST-1213",37.62382889,127.0502014
"서울특별시 성북구 동소문로 225","ST-1214",0,0
"서울특별시 성북구 안암로 17","ST-1215",37.5794487,127.0241928
"서울특별시 성북구 낙산길 255","ST-1216",37.58388138,127.0170975
"서울특별시 성북구 동소문로34길 73","ST-1217",37.60083008,127.0235519
"서울특별시 구로구 신도림로 67","ST-1218",37.51000977,126.8820496
"서울특별시 구로구 구일로 90-51","ST-1219",37.49340057,126.8743286
"서울특별시 종로구 세종대로 지하172","ST-122",37.57080841,126.9764328
"서울특별시 구로구 가마산로 272","ST-1220",37.49578094,126.8901215
"서울특별시 구로구 가마산로25길 9-24","ST-1221",37.49645615,126.8895874
"서울특별시 구로구 공원로 68","ST-1222",37.50284958,126.8894806
"서울특별시 구로구 새말로 121-15","ST-1223",37.50819397,126.891304
"서울특별시 구로구 디지털로26길 5","ST-1224",37.48160172,126.8927994
"서울특별시 금천구 가산로 157","ST-1225",37.47931671,126.8901215
"서울특별시 구로구 경인로 403","ST-1226",37.49789047,126.864502
"서울특별시 구로구 경인로 343","ST-1227",37.49723053,126.8591919
"서울특별시 구로구 경인로 382","ST-1228",37.49649811,126.8630981
"서울특별시 구로구 고척로21길 85","ST-1229",37.5051384,126.8443375
"서울특별시 종로구 새문안로 55","ST-123",37.56999969,126.9710999
"서울특별시 구로구 고척로22길 64","ST-1230",37.49848175,126.8475037
"서울특별시 구로구 오리로 1352","ST-1231",37.50190353,126.8289642
"서울특별시 구로구 부일로 872","ST-1232",0,0
"서울특별시 구로구 경인로2길 10","ST-1233",37.49072266,126.8263931
"서울특별시 구로구 중앙로3길 18-8","ST-1234",0,0
"서울특별시 구로구 오리로 1181","ST-1235",37.48859787,126.8364945
"서울특별시 구로구 신도림로 16","ST-1236",37.50518036,126.8825378
"서울특별시 구로구 도림천로 351","ST-1237",37.49256516,126.8947525
"서울특별시 구로구 도림로 지하 7","ST-1238",37.48567963,126.8867035
"서울특별시 구로구 오리로 지하 1154","ST-1239",37.48620987,126.8388214
"서울특별시 종로구 새문안로 82","ST-124",37.56996918,126.973938
"서울특별시 구로구 구일로 133","ST-1240",0,0
"서울특별시 구로구 구일로 64","ST-1241",37.4920311,126.8737717
"서울특별시 구로구 구일로4길 57","ST-1242",0,0
"서울특별시 구로구 천왕로 10","ST-1243",37.47943115,126.8426971
"서울특별시 강남구 선릉로 602","ST-1244",0,0
"서울특별시 강남구 봉은사로 456","ST-1245",37.51169586,127.0493469
"서울특별시 강남구 논현로 566","ST-1246",37.50636673,127.034523
"서울특별시 강남구 역삼로 315-1","ST-1247",37.50134277,127.0504684
"서울특별시 강남구 헌릉로569길 39-6","ST-1248",37.46632767,127.0948868
"서울특별시 강서구 양천로 지하 485","ST-1249",37.56103516,126.8548126
"서울특별시 종로구 세종대로 지하172","ST-125",37.56988907,126.9764557
"서울특별시 강서구 양천로53길 30","ST-1250",37.56585312,126.8465958
"서울특별시 강서구 양천로 지하 341","ST-1251",37.56768036,126.8408966
"서울특별시 강서구 남부순환로 171","ST-1252",37.54969406,126.819664
"서울특별시 강서구 마곡서1로 68","ST-1253",37.56267929,126.8204727
"서울특별시 강서구 방화대로34길 65","ST-1254",37.57049942,126.8200836
"서울특별시 강서구 허준로 65","ST-1255",0,0
"서울특별시 동작구 대림로 2","ST-1256",0,0
"서울특별시 관악구 과천대로 909","ST-1257",0,0
"서울특별시 관악구 남부순환로 1719","ST-1258",0,0
"서울특별시 관악구 남부순환로 1641","ST-1259",37.48476791,126.9328766
"서울특별시 중구 세종대로 136","ST-126",37.56887817,126.9774704
"서울특별시 관악구 남부순환로 1943","ST-1260",37.47648239,126.9653626
"서울특별시 관악구 남부순환로 1917","ST-1261",0,0
"서울특별시 관악구 남부순환로 1944","ST-1262",37.47629547,126.9649582
"서울특별시 광진구 천호대로 지하 550","ST-1263",37.55686188,127.0791397
"서울특별시 관악구 남부순환로 1728","ST-1264",37.48218918,126.942131
"서울특별시 관악구 남부순환로 1451","ST-1265",37.48152924,126.9120331
"서울특별시 광진구 능동로 373","ST-1266",37.5625267,127.0822754
"서울특별시 관악구 신림로 41","ST-1267",37.46940613,126.9445114
"서울특별시 관악구 보라매로 3","ST-1268",37.48974991,126.9274674
"서울특별시 관악구 신림로 386","ST-1269",37.48856354,126.9284821
"서울특별시 중구 세종대로 지하 101","ST-127",37.56661224,126.9774704
"서울특별시 관악구 신림로 369","ST-1270",37.48730087,126.9287033
"서울특별시 광진구 광나루로 571","ST-1271",37.54370499,127.0932465
"서울특별시 구로구 구로중앙로 174","ST-1272",0,0
"서울특별시 구로구 새말로 31","ST-1273",37.50254822,126.8838806
"서울특별시 구로구 가마산로 245","ST-1274",37.49526596,126.8884735
"서울특별시 구로구 공원로 15","ST-1275",37.49851608,126.8919907
"서울특별시 금천구 디지털로9길 68","ST-1276",37.48135376,126.88694
"서울특별시 금천구 디지털로9길 56","ST-1277",37.48015976,126.8863678
"서울특별시 노원구 동일로 1342","ST-1278",37.64963913,127.0656052
"서울특별시 노원구 노해로 467","ST-1279",37.65411377,127.0591507
"서울특별시 중구 세종대로 지하101","ST-128",37.56467438,126.976738
"서울특별시 노원구 화랑로 429","ST-1280",37.61938095,127.0578537
"서울특별시 노원구 노원로22길 1","ST-1281",37.64936066,127.0704422
"서울특별시 노원구 한글비석로 227","ST-1282",37.64733505,127.0764237
"서울특별시 노원구 노원로26길 111","ST-1283",37.65578079,127.0717773
"서울특별시 노원구 덕릉로76길 23","ST-1284",37.65449905,127.0743866
"서울특별시 노원구 동일로 지하 1308-1","ST-1285",37.64550781,127.0632553
"서울특별시 노원구 동일로 지하 1308-1","ST-1286",37.64352798,127.0652237
"서울특별시 노원구 노원로 283","ST-1287",37.64340973,127.0718384
"서울특별시 노원구 초안산로 12","ST-1288",37.62934875,127.0548248
"서울특별시 노원구 누원로 18","ST-1289",37.68859863,127.0534058
"서울특별시 중구 통일로 13","ST-129",37.55696106,126.9717712
"서울특별시 노원구 동일로 1404","ST-1290",37.65397644,127.0609741
"서울특별시 노원구 노해로 450","ST-1291",37.65354919,127.0580826
"서울특별시 도봉구 노해로69길 132","ST-1292",37.65779877,127.0500488
"서울특별시 도봉구 시루봉로 128","ST-1293",37.66207886,127.0277176
"서울특별시 도봉구 삼양로 574-48","ST-1294",0,0
"서울특별시 도봉구 해등로 46","ST-1295",37.6475029,127.0433121
"서울특별시 도봉구 해등로 189","ST-1296",37.65858841,127.0352097
"서울특별시 도봉구 도봉로173길 96","ST-1297",37.67867661,127.0407639
"서울특별시 동대문구 천호대로 405","ST-1298",37.56186676,127.0643768
"서울특별시 동대문구 신이문로 44","ST-1299",37.60279846,127.0672684
"서울특별시 서대문구 홍제천로 11","ST-13",37.56819916,126.9178467
"서울특별시 종로구 삼청로 30","ST-130",37.5797081,126.9808579
"서울특별시 동대문구 한천로 42","ST-1300",37.56669998,127.0624237
"서울특별시 동대문구 망우로 74","ST-1301",0,0
"서울특별시 동대문구 망우로 131","ST-1302",37.59153366,127.0677414
"서울특별시 동대문구 왕산로 239","ST-1303",37.58274841,127.0482788
"서울특별시 서초구 반포대로 235","ST-1304",0,0
"서울특별시 서초구 서초중앙로 130","ST-1305",37.49361801,127.014183
"서울특별시 서초구 반포대로 43","ST-1306",37.48416138,127.0109711
"서울특별시 서초구 효령로 10","ST-1307",37.47597885,126.9862824
"서울특별시 서초구 남부순환로 2311-12","ST-1308",37.47720337,127.0058365
"서울특별시 서초구 서초대로 62","ST-1309",37.48652649,126.9891663
"서울특별시 종로구 율곡로 33","ST-131",37.5759697,126.9830627
"서울특별시 서초구 과천대로 870-13","ST-1310",37.4681015,126.9868012
"서울특별시 서초구 양재대로2길 33","ST-1311",37.45742416,127.0226517
"서울특별시 서초구 탑성말길 2","ST-1312",37.4585495,127.0558853
"서울특별시 서초구 능안말길 1-2","ST-1313",37.45561981,127.0671005
"서울특별시 서초구 안골2길 3","ST-1314",37.45560837,127.0644531
"서울특별시 서초구 과천대로 810","ST-1315",37.46429825,126.9885254
"서울특별시 서초구 동광로39길 93","ST-1316",37.49941254,126.9994125
"서울특별시 성북구 종암로 지하 1","ST-1317",37.5907135,127.0361939
"서울특별시 영등포구 선유로 207","ST-1318",0,0
"서울특별시 영등포구 경인로 846","ST-1319",37.51665115,126.9079895
"서울특별시 종로구 종로 47","ST-132",37.57039642,126.9817886
"서울특별시 영등포구 선유서로 76","ST-1320",37.5228157,126.8856506
"서울특별시 영등포구 경인로112길 1","ST-1321",37.51828384,126.9126358
"서울특별시 영등포구 영중로 22","ST-1322",37.52011871,126.9051666
"서울특별시 영등포구 도영로 18","ST-1323",37.50793076,126.8952332
"서울특별시 용산구 두텁바위로 54-99","ST-1324",37.54188538,126.97966
"서울특별시 용산구 한강대로 289","ST-1325",37.54407883,126.9720001
"서울특별시 용산구 한강대로 23","ST-1326",37.52293015,126.9616928
"서울특별시 용산구 원효로 35","ST-1327",37.53442383,126.9485703
"서울특별시 용산구 이태원로 134","ST-1328",37.53427887,126.9885635
"서울특별시 은평구 진관3로 77","ST-1329",37.64260864,126.9214783
"서울특별시 종로구 청계천로 41","ST-133",0,0
"서울특별시 은평구 진관1로 77-23","ST-1330",0,0
"서울특별시 은평구 응암로 248","ST-1331",37.59437561,126.9181595
"서울특별시 중랑구 망우로 297","ST-1332",37.59655762,127.0858383
"서울특별시 중랑구 묵동 6-3","ST-1333",37.61963654,127.0850449
"서울특별시 중랑구 망우로 176","ST-1334",37.59275818,127.07267
"서울특별시 중랑구 겸재로 68","ST-1335",37.58565521,127.0750504
"서울특별시 성동구 용답길 86","ST-1336",37.56260681,127.0513077
"서울특별시 관악구 남부순환로 1817","ST-1337",37.48154831,126.9520035
"서울특별시 강서구 마곡중앙5로 58","ST-1338",37.56844711,126.8216476
"서울특별시 용산구 이촌로71길 24","ST-1339",37.5212822,126.973465
"서울특별시 중구 청계천로 30","ST-134",37.56852722,126.9825516
"서울특별시 용산구 이촌로2가길 1","ST-1340",0,0
"서울특별시 용산구 백범로 지하 287","ST-1341",37.53900909,126.96138
"서울특별시 용산구 한강대로77길 18","ST-1342",37.54198074,126.9715424
"서울특별시 용산구 원효로 74","ST-1343",37.53142166,126.9514999
"서울특별시 용산구 서빙고로 417","ST-1344",37.52906036,127.0067291
"서울특별시 중랑구 송림길 172","ST-1345",37.60460281,127.1092529
"서울특별시 중랑구 동일로 862","ST-1346",37.6073494,127.0785904
"서울특별시 성북구 보문로30길 29","ST-1347",37.58869934,127.0189133
"서울특별시 노원구 월계로 280","ST-1348",37.62694168,127.05513
"서울특별시 노원구 화랑로 570","ST-1349",37.62316513,127.0904999
"서울특별시 중구 남대문로 109","ST-135",0,0
"서울특별시 양천구 안양천로 1071","ST-1350",37.53722763,126.8866119
"서울특별시 강서구 강서로62길 48","ST-1351",37.56256866,126.8424606
"서울특별시 강서구 수명로 72","ST-1352",37.5534668,126.8259277
"서울특별시 영등포구 도신로29길 28","ST-1353",37.51322937,126.9044647
"서울특별시 영등포구 여의대방로 300","ST-1354",37.51290131,126.9266129
"서울특별시 동작구 흑석한강로 27","ST-1355",37.50535583,126.9661789
"서울특별시 동작구 여의대방로54길 18","ST-1356",37.51198959,126.9270859
"서울특별시 관악구 신사로 132","ST-1357",37.48899078,126.9163818
"서울특별시 서초구 효령로77길 37","ST-1358",0,0
"서울특별시 서초구 효령로 391","ST-1359",37.4882431,127.0270157
"서울특별시 중구 을지로 55","ST-136",37.56622314,126.9835892
"서울특별시 서초구 남부순환로 2620","ST-1360",37.48479843,127.0369949
"서울특별시 서초구 언남길 87","ST-1361",37.47590637,127.0462418
"서울특별시 서초구 동산로8길 75","ST-1362",0,0
"서울특별시 서초구 매헌로16길 40","ST-1363",0,0
"서울특별시 강남구 밤고개로 206","ST-1364",37.47602844,127.1059418
"서울특별시 강남구 학동로 지하 180","ST-1365",37.51395035,127.0301514
"서울특별시 강남구 봉은사로 지하 201","ST-1366",37.50958633,127.0409088
"서울특별시 송파구 마천로25길 18","ST-1367",37.50458908,127.1393662
"서울특별시 강동구 고덕로 276","ST-1368",0,0
"서울특별시 강동구 천호대로175길 39","ST-1369",37.53647232,127.1371536
"서울특별시 중구 을지로 66","ST-137",37.56546402,126.9841385
"서울특별시 강동구 둔촌동 77-2","ST-1370",37.53099442,127.1423721
"서울특별시 강동구 강일동 695-1","ST-1371",37.561203,127.1802673
"서울특별시 종로구 율곡로 지하 308","ST-1372",37.57014084,127.0093765
"서울특별시 종로구 경교장길 35","ST-1373",37.56748962,126.9659195
"서울특별시 종로구 송월길 99","ST-1374",37.56885529,126.9645615
"서울특별시 중랑구 망우로 297","ST-1375",37.59632874,127.0858994
"서울특별시 용산구 한강대로 지하 306","ST-1376",37.5444603,126.9723892
"서울특별시 성동구 사근동 241-2","ST-1377",37.56102753,127.0495224
"서울특별시 광진구 자양로 167","ST-1378",37.54251862,127.0840836
"서울특별시 광진구 아차산로69길 29","ST-1379",37.54342651,127.0966187
"서울특별시 중구 명동길 74","ST-138",37.56447601,126.986969
"서울특별시 중랑구 용마산로 494","ST-1380",37.59511185,127.1003265
"서울특별시 중랑구 겸재로 229","ST-1381",37.58975983,127.0932388
"서울특별시 성북구 성북로 37","ST-1382",0,0
"서울특별시 성북구 보국문로 91","ST-1383",37.61207199,127.0081329
"서울특별시 성북구 보국문로 7-10","ST-1384",37.60478973,127.010582
"서울특별시 성북구 월계로 172","ST-1385",37.61980057,127.0450974
"서울특별시 성북구 정릉로 272","ST-1386",37.60309601,127.013504
"서울특별시 강북구 삼양로 670","ST-1387",37.66366577,127.0124283
"서울특별시 강북구 삼양로 595","ST-1388",37.65615845,127.0131378
"서울특별시 강북구 삼양로 519","ST-1389",37.64967346,127.0134506
"서울특별시 중구 소공로 70","ST-139",37.56179428,126.9815826
"서울특별시 강북구 삼양로 426","ST-1390",37.64167023,127.0168839
"서울특별시 강북구 삼양로 263","ST-1391",37.62652969,127.0180588
"서울특별시 강북구 삼양로 197","ST-1392",37.62155151,127.0203705
"서울특별시 노원구 동일로214길 32","ST-1394",37.6484375,127.0644455
"서울특별시 노원구 화랑로 815","ST-1395",37.6428299,127.1066666
"서울특별시 노원구 화랑로 653","ST-1396",37.64265442,127.1083832
"서울특별시 마포구 월드컵북로 260","ST-1397",37.56958389,126.9038162
"서울특별시 양천구 신정로7길 92","ST-1398",37.51215744,126.8356247
"서울특별시 양천구 목동동로 401","ST-1399",0,0
"서울특별시 서대문구 동교로 290","ST-14",37.56454086,126.9270706
"서울특별시 중구 퇴계로 77","ST-140",37.56134033,126.9804001
"서울특별시 양천구 목동중앙남로 100","ST-1400",37.54218292,126.8633041
"서울특별시 양천구 남부순환로 578","ST-1401",0,0
"서울특별시 강서구 마곡중앙1로 72","ST-1402",37.56022644,126.8190689
"서울특별시 금천구 벚꽃로 309","ST-1403",37.48123169,126.881485
"서울특별시 서초구 서초중앙로 38","ST-1404",37.485672,127.0159226
"서울특별시 서초구 서운로 221","ST-1405",37.50241089,127.0216065
"서울특별시 서초구 효령로72길 60","ST-1406",37.48646927,127.0280609
"서울특별시 강남구 자곡로 101","ST-1407",37.47245407,127.096077
"서울특별시 송파구 마천로 164","ST-1408",37.50375748,127.1370926
"서울특별시 송파구 올림픽로 336","ST-1409",37.51583099,127.1067963
"서울특별시 종로구 북촌로 35","ST-141",0,0
"서울특별시 송파구 성내천로39길 4","ST-1410",37.49751663,127.1546783
"서울특별시 송파구 성내천로47길 23","ST-1411",37.49565887,127.1571732
"서울특별시 송파구 동남로24길 6","ST-1412",0,0
"서울특별시 송파구 오금로51길 56","ST-1413",37.49987411,127.1414795
"서울특별시 송파구 오금로 363 오금근린공원","ST-1414",37.50541306,127.131691
"서울특별시 송파구 위례광장로 210","ST-1415",0,0
"서울특별시 송파구 위례광장로 136","ST-1416",37.4774704,127.1445923
"서울특별시 송파구 위례광장로 120","ST-1417",37.47437668,127.1406708
"서울특별시 송파구 위례순환로 419","ST-1418",37.47753143,127.1415176
"서울특별시 송파구 송이로 238","ST-1419",37.48799896,127.1310883
"서울특별시 종로구 율곡로 지하62","ST-142",37.57624054,126.9861603
"서울특별시 강동구 양재대로 1349","ST-1420",37.52678299,127.1355743
"서울특별시 강동구 암사동 531","ST-1421",37.55483627,127.1373215
"서울특별시 송파구 토성로 2","ST-1422",37.53147125,127.1110916
"서울특별시 강북구 삼양로 299","ST-1423",37.63018799,127.0177383
"서울특별시 성북구 성북로14가길 23","ST-1424",37.5928421,127.002121
"서울특별시 노원구 중계로8길 20","ST-1425",37.64580154,127.0822601
"서울특별시 노원구 덕릉로 662","ST-1426",37.65679932,127.0776062
"서울특별시 광진구 용마산로32길 32","ST-1427",37.56864929,127.0862503
"서울특별시 광진구 군자로 114","ST-1428",37.55023575,127.073822
"서울특별시 광진구 능동로 120","ST-1429",37.54171753,127.0801697
"서울특별시 종로구 삼일대로 428","ST-143",37.57335663,126.9874649
"서울특별시 관악구 남부순환로 1827","ST-1430",0,0
"서울특별시 종로구 종로 지하 200","ST-1431",0,0
"서울특별시 종로구 종로 지하 200","ST-1432",37.57048035,126.9966354
"서울특별시 강남구 삼성로 628","ST-1433",37.51678467,127.0516129
"서울특별시 도봉구 마들로 749","ST-1434",37.67766571,127.0462418
"서울특별시 중구 을지로 지하 129","ST-1435",37.56655884,126.9924393
"서울특별시 중구 만리재로 175","ST-1436",37.55410767,126.9654083
"서울특별시 중구 을지로 지하 129","ST-1437",37.56439972,126.9914322
"서울특별시 중구 다산로 59-1","ST-1438",37.54988861,127.0073471
"서울특별시 중구 장충단로 192","ST-1439",37.56217194,127.0062637
"서울특별시 종로구 종로 99","ST-144",37.57039642,126.9881897
"서울특별시 중구 청계천로 400","ST-1440",37.57089996,127.0195236
"서울특별시 용산구 보광로5길 40","ST-1441",37.5240097,127.0014496
"서울특별시 용산구 서빙고로 67","ST-1442",37.52365112,126.9702683
"서울특별시 용산구 한강대로 100","ST-1443",37.52960968,126.9688721
"서울특별시 용산구 이촌로34길 29","ST-1444",37.52278137,126.9610291
"서울특별시 용산구 이태원로 134","ST-1445",37.53379822,126.9886704
"서울특별시 용산구 이촌로14길 7","ST-1446",37.5271492,126.9551621
"서울특별시 동대문구 사가정로 190","ST-1447",37.57653046,127.0659409
"서울특별시 동대문구 신이문로 3","ST-1448",37.60308838,127.0622025
"서울특별시 동대문구 사가정로 65","ST-1449",37.57762146,127.0521088
"서울특별시 종로구 청계천로 93","ST-145",37.56834412,126.9878922
"서울특별시 동대문구 제기로 131","ST-1450",37.5867691,127.04776
"서울특별시 중랑구 용마산로115길 127","ST-1451",37.59733963,127.0930862
"서울특별시 중랑구 용마산로 313","ST-1452",37.58034897,127.0926514
"서울특별시 중랑구 봉화산로 130","ST-1453",37.60359955,127.0895615
"서울특별시 성북구 보문로 112-2","ST-1454",37.58509827,127.0196762
"서울특별시 성북구 보문로22길 28","ST-1455",37.58375168,127.0219498
"서울특별시 성북구 성북로 25","ST-1456",37.59017181,127.0040894
"서울특별시 성북구 성북로 102-10","ST-1457",37.5933609,126.9990921
"서울특별시 성북구 월곡로 74","ST-1458",37.59972,127.0403824
"서울특별시 성북구 길음로7길 20","ST-1459",37.60351181,127.0225601
"서울특별시 중구 남대문로10길 33","ST-146",37.56816483,126.9849777
"서울특별시 성북구 보문로34길 87","ST-1460",37.59148026,127.0201035
"서울특별시 도봉구 도봉로 891","ST-1461",37.68400955,127.0457916
"서울특별시 도봉구 도봉산길 10","ST-1462",37.68759155,127.0455017
"서울특별시 도봉구 도봉동 282-16","ST-1463",37.6876297,127.0422134
"서울특별시 도봉구 도봉로 707","ST-1464",37.66759872,127.0429993
"서울특별시 도봉구 방학로 102","ST-1465",37.66297913,127.0419388
"서울특별시 도봉구 해등로 218","ST-1466",37.65814972,127.0326691
"서울특별시 도봉구 도봉로170길 2","ST-1467",37.67911911,127.0449829
"서울특별시 도봉구 도봉로 528","ST-1468",37.65224075,127.0370636
"서울특별시 도봉구 덕릉로 249","ST-1469",37.63970184,127.0388336
"서울특별시 중구 을지로 79","ST-147",37.56638336,126.9872055
"서울특별시 도봉구 덕릉로 404","ST-1470",37.6463089,127.052742
"서울특별시 도봉구 덕릉로60바길 21","ST-1471",37.6388588,127.0411758
"서울특별시 도봉구 도당로15길 36","ST-1472",37.66687012,127.0358734
"서울특별시 노원구 중계로 181","ST-1473",37.65045929,127.0808868
"서울특별시 노원구 동일로 986","ST-1474",37.61832047,127.0756302
"서울특별시 노원구 중계로 155","ST-1475",37.64818954,127.0804825
"서울특별시 노원구 동일로227길 85","ST-1476",37.66114044,127.0580521
"서울특별시 노원구 동일로227길 26","ST-1477",0,0
"서울특별시 은평구 응암로 279","ST-1478",37.59743881,126.9200363
"서울특별시 은평구 은평로 136","ST-1479",37.60036087,126.9228134
"서울특별시 중구 을지로 100","ST-148",37.56599045,126.987793
"서울특별시 은평구 진관3로 73-17","ST-1480",37.6436615,126.9145584
"서울특별시 은평구 진관2로 지하 15-25","ST-1481",37.63825226,126.9194565
"서울특별시 은평구 통일로 732","ST-1482",37.61096954,126.9298096
"서울특별시 은평구 진관2로 15-46","ST-1483",37.63925934,126.9189072
"서울특별시 은평구 불광로 90","ST-1484",37.61442947,126.932579
"서울특별시 은평구 통일로 796 북한산 힐스테이트7차","ST-1485",37.61654282,126.9251251
"서울특별시 은평구 백련산로 90","ST-1486",37.59347916,126.9231873
"서울특별시 은평구 통일로 684","ST-1487",37.60903168,126.9346771
"서울특별시 은평구 통일로 684","ST-1488",37.60890961,126.9324188
"서울특별시 은평구 진관4로 48-50","ST-1489",37.64208984,126.9294128
"서울특별시 종로구 창경궁로 185","ST-149",37.57770538,126.9917831
"서울특별시 은평구 진관4로 78-38","ST-1490",37.64385986,126.9318771
"서울특별시 서대문구 통일로 지하 440-1","ST-1491",37.58670044,126.9467697
"서울특별시 마포구 신촌로 지하 270","ST-1492",37.55812836,126.9562073
"서울특별시 서대문구 통일로 553","ST-1493",37.5971489,126.93853
"서울특별시 마포구 성산로 128","ST-1494",37.56333923,126.9082031
"서울특별시 양천구 목동서로 38","ST-1495",37.54114151,126.8766785
"서울특별시 양천구 목동서로 38","ST-1496",37.5378685,126.8814087
"서울특별시 양천구 목동동로 298","ST-1497",37.52667999,126.8761673
"서울특별시 양천구 신정이펜1로 99","ST-1498",37.51427841,126.828743
"서울특별시 양천구 목동동로 33","ST-1499",37.51472092,126.8591995
"서울특별시 마포구 와우산로 40","ST-15",37.54787064,126.9235306
"서울특별시 종로구 종로 지하129","ST-150",37.5705986,126.9917908
"서울특별시 양천구 오목로3길 32","ST-1500",37.52407074,126.8386002
"서울특별시 양천구 남부순환로 699","ST-1501",37.50682068,126.8442993
"서울특별시 양천구 등촌로 66","ST-1502",37.53582001,126.8636322
"서울특별시 양천구 신목로 126","ST-1503",37.52455139,126.8770523
"서울특별시 양천구 목동동로 10","ST-1504",37.51065826,126.8591614
"서울특별시 양천구 목동동로 323","ST-1505",37.53102875,126.8758926
"서울특별시 강서구 공항대로 625","ST-1506",37.54719925,126.8744888
"서울특별시 강서구 공항대로 571","ST-1507",37.54917908,126.8687973
"서울특별시 강서구 양천로 696","ST-1508",37.55004883,126.8731613
"서울특별시 강서구 허준로 202","ST-1509",37.56124878,126.8605804
"서울특별시 종로구 종로 지하129","ST-151",37.57019806,126.9912567
"서울특별시 강서구 공항대로 411","ST-1510",37.55625916,126.8533173
"서울특별시 강서구 공항대로 395","ST-1511",37.55659866,126.851471
"서울특별시 강서구 공항대로 453","ST-1512",37.55437851,126.8575363
"서울특별시 강서구 개화동로 495","ST-1513",37.56792068,126.8054733
"서울특별시 강서구 수명로1길 16","ST-1514",37.55010986,126.8236771
"서울특별시 강서구 양천로 22","ST-1515",37.57247162,126.8061676
"서울특별시 강서구 강서로 409","ST-1516",37.56209946,126.8392563
"서울특별시 강서구 마곡중앙로 36","ST-1517",37.55746841,126.8297195
"서울특별시 강서구 발산로 40","ST-1518",37.55104446,126.8184967
"서울특별시 강서구 공항대로 376","ST-1519",37.55687714,126.8488083
"서울특별시 중구 충무로 15","ST-152",37.56261826,126.992836
"서울특별시 강서구 까치산로24길 47","ST-1520",37.54832077,126.8534012
"서울특별시 구로구 디지털로31길 12","ST-1521",37.48485947,126.8951874
"서울특별시 구로구 개봉로2길 133-15","ST-1522",37.49034119,126.8609314
"서울특별시 구로구 중앙로 100","ST-1523",37.50605011,126.8607864
"서울특별시 구로구 중앙로 101","ST-1524",37.50616837,126.8602295
"서울특별시 구로구 경인로 208","ST-1525",37.49594116,126.8440018
"서울특별시 구로구 경인로 219","ST-1526",37.49676132,126.8449631
"서울특별시 구로구 경인로15길 75","ST-1527",37.4917984,126.8324204
"서울특별시 구로구 오리로 1197","ST-1528",37.48937988,126.834198
"서울특별시 구로구 구일로 126","ST-1529",37.49699783,126.8717804
"서울특별시 종로구 창경궁로 185","ST-153",37.57897949,126.9964752
"서울특별시 구로구 구일로10길 27","ST-1530",37.49596024,126.8740387
"서울특별시 구로구 구일로10길 27","ST-1531",37.49539948,126.8710098
"서울특별시 구로구 구일로4길 57","ST-1532",37.49264908,126.8761826
"서울특별시 금천구 금하로29길 36","ST-1533",37.45177078,126.9133987
"서울특별시 금천구 가산로 70","ST-1534",37.47248077,126.8958664
"서울특별시 금천구 남부순환로 1314","ST-1535",37.47817993,126.8974075
"서울특별시 금천구 시흥대로51길 55","ST-1536",37.45132065,126.8976212
"서울특별시 금천구 남부순환로128길 42","ST-1537",37.47840881,126.9073715
"서울특별시 금천구 한내로 69-54","ST-1538",37.46055984,126.8870926
"서울특별시 영등포구 선유로 213","ST-1539",37.53210068,126.8944397
"서울특별시 종로구 창경궁로 109","ST-154",37.57095718,126.9971237
"서울특별시 영등포구 가마산로 315","ST-1540",37.49824142,126.8939819
"서울특별시 영등포구 시흥대로 617","ST-1541",37.48752975,126.9048767
"서울특별시 동작구 시흥대로 646","ST-1542",37.48939896,126.9071121
"서울특별시 동작구 여의대방로 122","ST-1543",37.49766922,126.9198685
"서울특별시 동작구 동작대로 지하 3","ST-1544",37.48815918,126.9664764
"서울특별시 동작구 노량진로 155","ST-1545",37.51391983,126.9430695
"서울특별시 관악구 난곡로 367","ST-1546",37.48712921,126.9130173
"서울특별시 관악구 관악로 1","ST-1547",37.46681976,126.9488068
"서울특별시 관악구 남부순환로 1761","ST-1548",37.48218918,126.9461594
"서울특별시 관악구 신림동길 8","ST-1549",37.48751068,126.9277878
"서울특별시 종로구 종로 185","ST-155",37.57106781,126.9981918
"서울특별시 관악구 호암로 519","ST-1550",37.4640007,126.9312515
"서울특별시 관악구 호암로16길 5","ST-1551",37.46337891,126.9319687
"서울특별시 서초구 청계산로7길 43","ST-1552",37.45066071,127.0570602
"서울특별시 서초구 서초대로 248","ST-1553",37.49195099,127.0085526
"서울특별시 서초구 사평대로 349","ST-1554",37.50381088,127.0213623
"서울특별시 서초구 강남대로 605","ST-1555",37.51588058,127.0193024
"서울특별시 서초구 강남대로 341","ST-1556",37.49325943,127.0295334
"서울특별시 서초구 효령로 58","ST-1557",37.47909164,126.9906769
"서울특별시 서초구 헌릉로8길 10-12","ST-1558",37.45587921,127.0581665
"서울특별시 강남구 개포로 지하 420","ST-1559",37.48616028,127.0672379
"서울특별시 종로구 창경궁로 271-1","ST-156",37.58562851,127.000679
"서울특별시 강남구 양재대로 478","ST-1560",37.48088074,127.0630417
"서울특별시 강남구 양재대로 478","ST-1561",37.47598648,127.0596237
"서울특별시 강남구 양재대로 379","ST-1562",37.47457886,127.0554504
"서울특별시 강남구 논현로2길 6","ST-1563",37.47200012,127.0513382
"서울특별시 강남구 언주로 21","ST-1564",37.47909164,127.055397
"서울특별시 강남구 개포로 310","ST-1565",37.47929001,127.0557327
"서울특별시 강남구 언주로 118","ST-1566",37.48574066,127.0510483
"서울특별시 강남구 언주로 604","ST-1567",37.5096817,127.0379181
"서울특별시 강남구 언주로 564","ST-1568",37.50811005,127.0394516
"서울특별시 강남구 일원로14길 25","ST-1569",37.48284912,127.0801621
"서울특별시 종로구 대학로 지하120","ST-157",37.58156967,127.0017853
"서울특별시 강남구 일원로 95","ST-1570",37.48348999,127.0837021
"서울특별시 강남구 일원로 90","ST-1571",37.48656082,127.0826721
"서울특별시 강남구 일원로 45","ST-1572",37.48979187,127.0812225
"서울특별시 강남구 영동대로4길 10","ST-1573",37.48871994,127.0745392
"서울특별시 강남구 개포로 지하 522","ST-1574",37.49180984,127.0731583
"서울특별시 강남구 학동로 지하 346","ST-1575",37.51871109,127.0508499
"서울특별시 강남구 도산대로 138","ST-1576",37.5175705,127.0236435
"서울특별시 강남구 강남대로 지하 396","ST-1577",37.49847031,127.0301132
"서울특별시 강남구 자곡로 260","ST-1578",37.4773407,127.1132736
"서울특별시 송파구 위례광장로 121","ST-1579",37.47465897,127.1377182
"서울특별시 종로구 대학로 104","ST-158",37.57978439,127.002533
"서울특별시 송파구 강동대로 232","ST-1580",37.52193832,127.1318665
"서울특별시 송파구 오금로 231","ST-1581",37.50737,127.118103
"서울특별시 송파구 석촌호수로 176","ST-1582",37.50656128,127.0965576
"서울특별시 송파구 삼학사로 136","ST-1583",37.50973129,127.0976868
"서울특별시 송파구 올림픽로 305","ST-1584",37.51396179,127.1003037
"서울특별시 송파구 석촌호수로12길 1-16","ST-1585",37.50867844,127.1034317
"서울특별시 송파구 석촌호수로12길 1-16","ST-1586",37.50920105,127.1041184
"서울특별시 송파구 송파대로 570","ST-1587",37.51150131,127.1021195
"서울특별시 송파구 강동대로 286","ST-1588",37.51987839,127.1367111
"서울특별시 송파구 성내천로16길 17","ST-1589",37.50693893,127.1392212
"서울특별시 종로구 율곡로 238","ST-159",37.57543182,127.004982
"서울특별시 송파구 삼학사로 136","ST-1590",37.5067482,127.0988312
"서울특별시 송파구 위례광장로 121","ST-1591",37.47729111,127.1378937
"서울특별시 송파구 충민로 120","ST-1592",37.48080063,127.1303406
"서울특별시 강동구 동남로 926 강동푸드마켓","ST-1593",37.55644989,127.1568222
"서울특별시 강동구 고덕동 230","ST-1594",37.56254578,127.1644821
"서울특별시 강동구 상일로21길 14-7 고덕2동경로당","ST-1595",37.56002808,127.1696777
"서울특별시 강동구 성안로 200","ST-1596",37.54050827,127.1370087
"서울특별시 강동구 아리수로98길 25 강일리버파크7단지아파트","ST-1597",37.56335449,127.1790543
"서울특별시 강동구 강일동 736","ST-1598",37.55580902,127.1737442
"서울특별시 성동구 금호로 30","ST-1599",37.54608917,127.0250702
"서울특별시 마포구 와우산로 56","ST-16",37.54920197,126.9232025
"서울특별시 종로구 율곡로 259","ST-160",37.57403564,127.0067215
"서울특별시 성동구 상원길 76","ST-1600",37.55093002,127.0483398
"서울특별시 성동구 난계로 100","ST-1601",37.56179047,127.0243912
"서울특별시 광진구 아차산로78길 90","ST-1602",37.55059814,127.1105118
"서울특별시 광진구 능동로 216","ST-1603",37.54978943,127.0759277
"서울특별시 강북구 인수봉로79길 93","ST-1604",37.64233017,127.0077896
"서울특별시 종로구 종로 239","ST-1605",37.57123947,127.0044098
"서울특별시 종로구 종로 지하 200","ST-1606",37.57114029,127.0006714
"서울특별시 종로구 종로 79-1","ST-1607",37.57035828,126.9863815
"서울특별시 종로구 종로 254-1","ST-1608",37.570961,127.0060577
"서울특별시 종로구 종로 383-1","ST-1609",37.57447052,127.0198288
"서울특별시 종로구 김상옥로 29","ST-161",37.57330704,127.0007095
"서울특별시 종로구 율곡로 지하 308","ST-1610",37.57131958,127.0072098
"서울특별시 종로구 세종대로 지하 172","ST-1611",37.56993866,126.9775391
"서울특별시 종로구 삼일대로30길 31","ST-1612",37.57426071,126.989502
"서울특별시 종로구 송월길 99","ST-1613",37.57125854,126.9625626
"서울특별시 강북구 솔샘로 195","ST-1614",37.6203804,127.0136795
"서울특별시 용산구 새창로 181","ST-1615",37.53269958,126.9643784
"서울특별시 성동구 무학봉길 35","ST-1616",37.56014633,127.0263596
"서울특별시 성동구 난계로 20","ST-1617",37.55477905,127.0248413
"서울특별시 성동구 무학봉길 35","ST-1618",37.56068039,127.0267792
"서울특별시 종로구 사직로8길 31","ST-1619",37.57436371,126.9723663
"서울특별시 중구 마장로 3","ST-162",37.56918335,127.0098801
"서울특별시 강동구 천호동 297-19","ST-1620",37.5446701,127.1326752
"서울특별시 강동구 구천면로 304 일주빌딩","ST-1621",37.54689789,127.1346664
"서울특별시 강동구 상일동 515-1","ST-1622",37.5510788,127.1625977
"서울특별시 강동구 상일동 518-2","ST-1623",37.55348206,127.1650543
"서울특별시 동대문구 경희대로 24","ST-1624",0,0
"서울특별시 동대문구 경희대로 26","ST-1625",37.59460068,127.0519638
"서울특별시 강동구 천호동 571-2","ST-1626",37.53822708,127.1317444
"서울특별시 송파구 토성로 2","ST-1627",37.53131104,127.1112824
"서울특별시 동대문구 홍릉로 78-1","ST-1628",37.58723831,127.0431366
"서울특별시 동대문구 답십리로23길 30","ST-1629",37.57575989,127.0483704
"서울특별시 중구 장충단로 지하230","ST-163",37.56533051,127.007843
"서울특별시 동대문구 답십리로 233","ST-1630",37.57294846,127.0661469
"서울특별시 동대문구 왕산로 87","ST-1631",37.57835007,127.0333862
"서울특별시 동대문구 왕산로 128","ST-1632",37.57799911,127.0376282
"서울특별시 성북구 동소문로 327","ST-1633",37.60913086,127.0300293
"서울특별시 성북구 성북로 132-4","ST-1634",37.59453964,126.9952087
"서울특별시 성북구 창경궁로 325","ST-1635",37.58839035,127.0056076
"서울특별시 성북구 인촌로 113","ST-1636",37.58644485,127.031601
"서울특별시 성북구 화랑로 63","ST-1637",37.60229111,127.0389786
"서울특별시 도봉구 도봉로 444","ST-1638",37.64519882,127.0329819
"서울특별시 노원구 동일로 지하 1530-1","ST-1639",37.66566086,127.0572968
"서울특별시 노원구 동일로 지하 1530-1","ST-1640",37.66524887,127.0578919
"서울특별시 노원구 동일로 1449","ST-1641",37.6577301,127.0593109
"서울특별시 노원구 노원로34길 43","ST-1642",37.66070938,127.0653305
"서울특별시 서대문구 홍제천로 111","ST-1643",37.57490921,126.9261475
"서울특별시 서대문구 연희로 136","ST-1644",37.5697403,126.9333267
"서울특별시 강서구 방화대로7길 6","ST-1645",37.55644989,126.815979
"서울특별시 강서구 화곡로63가길 92","ST-1646",37.56290054,126.8494721
"서울특별시 강서구 방화대로5길 7","ST-1647",37.55472946,126.8160934
"서울특별시 금천구 시흥대로 39-7","ST-1648",37.43727112,126.9026871
"서울특별시 영등포구 양산로 213","ST-1649",37.52251816,126.9072189
"서울특별시 종로구 사직로9길 5","ST-165",37.57633209,126.9685898
"서울특별시 영등포구 문래로 180","ST-1650",37.51821136,126.9022293
"서울특별시 영등포구 가마산로 343","ST-1651",37.49985886,126.8972397
"서울특별시 영등포구 대림로 153","ST-1652",37.49457169,126.8997498
"서울특별시 영등포구 영중로 107","ST-1653",37.52576828,126.9057388
"서울특별시 서초구 논현로 151","ST-1654",37.48297882,127.0422592
"서울특별시 서초구 사평대로 73","ST-1655",37.49837112,126.9924622
"서울특별시 송파구 송파대로 지하 6","ST-1656",37.47129822,127.1270905
"서울특별시 송파구 마천로44길 15","ST-1657",37.48173904,127.1432266
"서울특별시 송파구 송파대로 지하 6","ST-1658",37.47064972,127.1271133
"서울특별시 성동구 광나루로 130","ST-1659",37.55089188,127.0447617
"서울특별시 종로구 사직로8길 39","ST-166",0,0
"서울특별시 광진구 능동로 92","ST-1660",37.53913879,127.0706177
"서울특별시 광진구 아차산로 236","ST-1661",37.54013824,127.0692825
"서울특별시 광진구 용마산로 63","ST-1662",37.55915833,127.0875168
"서울특별시 광진구 뚝섬로 639","ST-1663",37.53181076,127.0807419
"서울특별시 광진구 천호대로 716","ST-1664",37.54848862,127.0937576
"서울특별시 강북구 도봉로 71","ST-1665",37.61545944,127.0297012
"서울특별시 성북구 성북로 59","ST-1666",0,0
"서울특별시 동작구 상도로 지하 378","ST-1667",37.4966011,126.953682
"서울특별시 중구 을지로 지하 42","ST-1668",37.56634521,126.9822922
"서울특별시 중구 퇴계로90길 74","ST-1669",37.56148911,127.0239334
"서울특별시 종로구 청운동 108-22","ST-167",37.58507919,126.9706192
"서울특별시 중구 퇴계로 33","ST-1670",37.55686188,126.9756165
"서울특별시 동대문구 휘경로14가길 31","ST-1671",37.59489059,127.0630264
"서울특별시 노원구 한글비석로 471","ST-1672",37.66418839,127.0660095
"서울특별시 은평구 통일로 1021","ST-1673",37.63365936,126.9116974
"서울특별시 은평구 갈현로3나길 23","ST-1674",37.60232925,126.9065476
"서울특별시 마포구 신촌로 지하 180","ST-1675",37.55659103,126.9461899
"서울특별시 강서구 발산로 24","ST-1676",37.55302048,126.818367
"서울특별시 영등포구 당산로31길 32","ST-1677",37.52809906,126.8933868
"서울특별시 관악구 신림로 144","ST-1678",37.47182846,126.9339218
"서울특별시 강남구 강남대로 324","ST-1679",37.49206161,127.0307465
"서울특별시 종로구 창덕궁길 191","ST-168",37.58341599,126.9852371
"서울특별시 강남구 테헤란로 134","ST-1680",37.49959946,127.0337524
"서울특별시 송파구 올림픽로 326","ST-1681",37.51435852,127.1061935
"서울특별시 송파구 양재대로 1278","ST-1682",37.52048874,127.1352005
"서울특별시 송파구 석촌호수로 278 여흥레이크빌","ST-1683",37.51045227,127.1064072
"서울특별시 송파구 풍성로5길 16","ST-1684",37.53633118,127.1161804
"서울특별시 송파구 중대로2길 6","ST-1685",37.48907089,127.1092987
"서울특별시 강동구 올림픽로 875 서울 암사동 유적","ST-1686",37.56379318,127.1328354
"서울특별시 강동구 강동대로 205","ST-1687",37.5239296,127.1291275
"서울특별시 강서구 공항대로 227","ST-1688",37.55947113,126.832077
"서울특별시 강서구 마곡중앙로 76","ST-1689",37.5602417,126.8271637
"서울특별시 종로구 재동 19","ST-169",37.57938766,126.9849472
"서울특별시 광진구 아차산로 200","ST-1690",37.54124832,127.06604
"서울특별시 마포구 대흥로 지하 85","ST-1691",37.54821014,126.9413834
"서울특별시 마포구 모래내로 31","ST-1692",37.56472015,126.9067688
"서울특별시 마포구 마포대로4다길 31","ST-1693",37.53575134,126.9440384
"서울특별시 강서구 강서로 247","ST-1694",37.54782104,126.8361282
"서울특별시 강서구 개화동로8길 38","ST-1695",37.57844925,126.7989731
"서울특별시 구로구 경인로 482","ST-1696",37.49856949,126.871521
"서울특별시 영등포구 가마산로 352","ST-1697",37.49980927,126.8980026
"서울특별시 영등포구 당산로41길 11","ST-1698",37.5315094,126.8978272
"서울특별시 영등포구 경인로 775","ST-1699",37.51385117,126.89888
"서울특별시 서대문구 통일로 483","ST-17",37.59115982,126.94133
"서울특별시 종로구 창덕궁1길 3","ST-170",37.57915497,126.9889603
"서울특별시 영등포구 도신로29길 28","ST-1700",37.51012039,126.904068
"서울특별시 영등포구 버드나루로 125","ST-1701",37.52917099,126.9075775
"서울특별시 관악구 양녕로16길 4","ST-1702",37.48949051,126.9459229
"서울특별시 강남구 밤고개로21길 50","ST-1703",37.47296906,127.1122284
"서울특별시 강남구 양재대로55길 14","ST-1704",37.49179077,127.0882111
"서울특별시 송파구 올림픽로 99","ST-1705",37.51678085,127.0904923
"서울특별시 송파구 송이로 42","ST-1706",37.50186157,127.1172333
"서울특별시 송파구 송파대로 201","ST-1707",37.48834991,127.1207809
"서울특별시 강서구 마곡중앙로 201","ST-1708",37.57138062,126.8283386
"서울특별시 강서구 공항대로 지하 163","ST-1709",37.5605011,126.8266525
"서울특별시 종로구 연건동 178-3","ST-171",37.57650757,127.0024567
"서울특별시 강서구 마곡중앙로 36","ST-1710",37.55553818,126.8267593
"서울특별시 강서구 마곡중앙8로3길 21","ST-1711",37.56330109,126.8368225
"서울특별시 강서구 마곡동로 110","ST-1712",37.56412888,126.8343124
"서울특별시 강서구 마곡동로 161","ST-1713",37.56824112,126.8358307
"서울특별시 강서구 강서로 247","ST-1714",37.5602417,126.8358078
"서울특별시 강서구 마곡중앙10로 10","ST-1715",37.56254959,126.8274384
"서울특별시 송파구 거여동 11-3","ST-1716",37.49704742,127.1403503
"서울특별시 송파구 오금로 지하 402","ST-1717",37.49618149,127.138031
"서울특별시 강서구 마곡중앙5로 지하 2","ST-1718",37.56520081,126.8273163
"서울특별시 송파구 위례성대로 51","ST-1719",37.51665878,127.1162567
"서울특별시 종로구 대학로 65","ST-172",37.57714462,127.0020599
"서울특별시 송파구 양재대로 지하 1233","ST-1720",37.51625824,127.1305924
"서울특별시 용산구 두텁바위로 74","ST-1721",37.54663849,126.981041
"서울특별시 광진구 광나루로 545","ST-1722",37.54504013,127.0899582
"서울특별시 성북구 오패산로 21","ST-1723",37.60390854,127.0373764
"서울특별시 강북구 오현로 56","ST-1724",37.6186409,127.0362396
"서울특별시 강북구 월계로 173","ST-1725",37.62268829,127.0378113
"서울특별시 도봉구 우이천로 367","ST-1726",37.64889145,127.0230179
"서울특별시 강서구 마곡서1로 146","ST-1727",37.56917953,126.8194428
"서울특별시 송파구 백제고분로 187","ST-1728",37.50471115,127.0875626
"서울특별시 송파구 백제고분로 272","ST-1729",37.50233841,127.0964432
"서울특별시 종로구 창경궁로 234","ST-173",37.58250046,126.9985352
"서울특별시 송파구 오금로 162","ST-1730",37.50997925,127.1123123
"서울특별시 양천구 목동동로 270","ST-1731",37.52477646,126.8754807
"서울특별시 구로구 부일로11길 51","ST-1732",37.49525833,126.830658
"서울특별시 구로구 경인로65길 16-15","ST-1733",37.5123291,126.8868332
"서울특별시 금천구 가산디지털1로 19","ST-1734",37.4679985,126.8868408
"서울특별시 서초구 남부순환로 2477","ST-1735",37.48303986,127.0214615
"서울특별시 양천구 안양천로 1156","ST-1736",37.54433823,126.8832703
"서울특별시 성동구 청계천로 540","ST-1737",0,0
"서울특별시 성동구 청계천로 540","ST-1738",0,0
"서울특별시 서초구 동작대로 80","ST-1739",37.48366165,126.9823227
"서울특별시 종로구 율곡로 169","ST-174",37.57606125,126.9976807
"서울특별시 노원구 노원로 75","ST-1740",37.62818909,127.0821075
"서울특별시 영등포구 의사당대로 1","ST-1741",37.53229141,126.9140091
"서울특별시 동작구 사당로23길 137","ST-1742",37.48886871,126.9719086
"서울특별시 서초구 양재대로12길 74","ST-1743",37.45370102,127.0431824
"서울특별시 서초구 양재대로12길 18","ST-1744",37.46031952,127.0363007
"서울특별시 성북구 화랑로14길 5","ST-1745",37.59732056,127.043808
"서울특별시 성북구 화랑로14길 5","ST-1746",37.60395813,127.0453415
"서울특별시 성동구 청계천로 540","ST-1747",0,0
"서울특별시 영등포구 여의도동 85-3","ST-1748",37.53730011,126.9332962
"서울특별시 성동구 청계천로 432","ST-1749",0,0
"서울특별시 종로구 숭인동 81-39","ST-175",37.57324219,127.0159073
"서울특별시 강서구 개화동로8길 17","ST-1750",37.57790756,126.7980423
"서울특별시 은평구 수색로 261","ST-1751",37.58216095,126.894928
"서울특별시 종로구 평창문화로 6-4","ST-1752",37.60351181,126.9620667
"서울특별시 구로구 디지털로31길 33-1","ST-1753",37.48437119,126.8954239
"서울특별시 마포구 하늘공원로 108","ST-1754",37.57012177,126.8813477
"서울특별시 종로구 삼청로 100-1","ST-1755",37.58456039,126.982193
"서울특별시 종로구 팔판길 46","ST-1756",37.58419037,126.9816971
"서울특별시 관악구 신림로 97 밀라트","ST-1757",37.47046661,126.938652
"서울특별시 동대문구 서울시립대로 163 서울시립대학교","ST-1758",37.58412933,127.0579376
"서울특별시 종로구 삼청동 25-32","ST-1759",37.58760452,126.9835968
"서울특별시 종로구 청계천로 407","ST-176",37.57222366,127.0227051
"서울특별시 광진구 능동로 209 세종대학교","ST-1760",37.55137253,127.07444
"서울 중구 순화동 214","ST-1761",37.56261826,126.9698563
"서울특별시 종로구 숭인동 1311","ST-177",37.57575989,127.0228348
"서울특별시 종로구 지봉로 87","ST-178",37.57933426,127.0150833
"서울특별시 종로구 평동 213","ST-179",37.5664711,126.9668274
"서울특별시 마포구 양화로 165","ST-18",37.55749893,126.9238052
"서울특별시 종로구 무악동 41-7","ST-180",37.57384872,126.9586945
"서울특별시 종로구 서린동 93-2","ST-181",37.5692482,126.9805374
"서울특별시 종로구 세종로 76-5","ST-182",37.57549286,126.9785004
"서울특별시 종로구 교북동 10-1","ST-183",37.57202911,126.9607849
"서울특별시 중구 서소문로 지하127","ST-185",37.56322861,126.9748383
"서울특별시 중구 동호로 지하256","ST-186",37.55887222,127.0055389
"서울특별시 중구 다산로 지하122","ST-187",37.55429459,127.0112
"서울특별시 중구 다산로14길 41","ST-188",37.55585861,127.013855
"서울특별시 중구 청구로 지하77","ST-189",37.5604744,127.0140762
"서울특별시 마포구 독막로 지하165","ST-19",37.54773331,126.9317627
"서울특별시 중구 다산로40길 37","ST-190",37.56371689,127.018425
"서울특별시 중구 창경궁로 지하51","ST-191",37.56826401,126.9981155
"서울특별시 중구 세종대로 지하2","ST-192",37.55721664,126.9730072
"서울특별시 중구 다산로 지하260","ST-193",37.56980515,127.0169525
"서울특별시 중구 세종대로 지하2","ST-194",37.55599976,126.9733582
"서울특별시 중구 동호로 330","ST-195",37.56386566,127.0027466
"서울특별시 중구 장충동2가 200-99","ST-196",37.55853271,127.0069885
"서울특별시 중구 신당동 357-1","ST-197",37.55519867,127.0100479
"서울특별시 중구 신당동 99","ST-198",37.5658493,127.0164032
"서울특별시 중구 청파로 456","ST-199",37.55978012,126.9685059
"서울특별시 마포구 동교로8안길 23","ST-2",0,0
"서울특별시 마포구 양화로18길 3","ST-20",37.55706024,126.9244232
"서울특별시 마포구 아현동 329-15","ST-200",37.55720139,126.9556656
"서울특별시 마포구 공덕동 257-88","ST-201",37.54457855,126.9502182
"서울특별시 마포구 공덕동 438-5","ST-202",37.5435791,126.9513245
"서울특별시 마포구 공덕동 237-9","ST-203",37.54425049,126.9516373
"서울특별시 마포구 도화동 555-2","ST-204",37.53993607,126.9458237
"서울특별시 마포구 도화동 292-29","ST-205",37.53927231,126.9459152
"서울특별시 마포구 용강동 234-1","ST-206",37.54234695,126.9430237
"서울특별시 마포구 노고산동 112-13","ST-207",37.55295563,126.9343414
"서울특별시 마포구 망원동 403-2","ST-208",37.55568695,126.9055481
"서울특별시 마포구 망원동 452-4","ST-209",37.55661011,126.8980179
"서울특별시 마포구 창전로 30","ST-21",37.54528427,126.9310532
"서울특별시 마포구 성산동 54-17","ST-210",37.56469727,126.9126129
"서울특별시 마포구 망원동 477-23","ST-211",37.56090927,126.9054947
"서울특별시 마포구 성산동123-29","ST-212",37.56855011,126.9145126
"서울특별시 마포구 공덕동 105-11","ST-213",37.54990387,126.9551468
"서울특별시 마포구 아현동 607-1","ST-214",37.5530014,126.9566879
"서울특별시 서대문구 영천동 259-1","ST-215",37.57125854,126.9604797
"서울특별시 서대문구 대현동 60-11","ST-216",37.55695343,126.9463425
"서울특별시 서대문구 북아현동 251-78","ST-217",37.55754852,126.9593811
"서울특별시 서대문구 통일로 380-4","ST-218",37.58224487,126.9506455
"서울특별시 서대문구 대신동 143-1","ST-219",37.56526947,126.9462433
"서울특별시 마포구 토정로 211","ST-22",37.54524231,126.9341126
"서울특별시 서대문구 홍은동 산25-3","ST-220",37.58369827,126.9249649
"서울특별시 서대문구 북가좌동 477-1","ST-221",37.57447815,126.9100494
"서울특별시 서대문구 북가좌동 470-1","ST-222",37.57513809,126.9139404
"서울특별시 서대문구 연희동 530","ST-223",37.57327652,126.9196777
"서울특별시 서대문구 북가좌동 70-119","ST-224",37.57946014,126.9171295
"서울특별시 서대문구 남가좌동 185-21","ST-225",37.5662117,126.8961792
"서울특별시 서대문구 북가좌동 400","ST-226",37.57300186,126.9077988
"서울특별시 서대문구 남가좌동 124","ST-227",37.57311249,126.9224472
"서울특별시 서대문구 미근동 317-1","ST-228",37.56472397,126.9672775
"서울특별시 영등포구 영등포로34길 9","ST-229",-88.48467255,84.24073029
"서울특별시 마포구 창전로 76","ST-23",37.54976654,126.9331741
"서울특별시 서대문구 충정로2가 138","ST-230",37.56477737,126.9661484
"서울특별시 서대문구 홍은동 387-16","ST-231",37.57807159,126.9308167
"서울특별시 서대문구 남가좌동 293-3 ","ST-232",37.56912231,126.9147949
"서울특별시 서대문구 충정로3가 56-1","ST-233",37.55996704,126.9624634
"서울특별시 성동구 마장동 610","ST-234",37.57152557,127.0353546
"서울특별시 성동구 홍익동 590","ST-235",37.56699371,127.0299149
"서울특별시 성동구 하왕십리동 960-3","ST-236",37.56385803,127.0303192
"서울특별시 성동구 행당동 188-9","ST-237",37.56144714,127.0349197
"서울특별시 성동구 금호동3가 1575-3","ST-238",37.5486412,127.0164261
"서울특별시 성동구 옥수동 산5-148","ST-239",37.54366302,127.014061
"서울특별시 마포구 독막로 223-1","ST-24",37.54745865,126.9383774
"서울특별시 성동구 금호동2가 1220-1","ST-240",37.55220032,127.0250549
"서울특별시 성동구 행당동 20-2","ST-241",37.55805206,127.0403519
"서울특별시 성동구 용답동 224-1","ST-242",37.56351089,127.0567246
"서울특별시 성동구 용답동 224-3","ST-243",37.56137085,127.0636597
"서울특별시 성동구 하왕십리동 286-24","ST-244",37.56874847,127.0304031
"서울특별시 성동구 금호동4가 1101","ST-245",37.54814911,127.0210877
"서울특별시 성동구 금호동2가 1205-1","ST-246",37.54863358,127.0257263
"서울특별시 성동구 응봉동 134-26","ST-247",37.5539856,127.0335922
"서울특별시 성동구 행당동 347-11","ST-248",37.55735016,127.029213
"서울특별시 성동구 행당동 10","ST-249",37.56035614,127.0413971
"서울특별시 서대문구 홍제동 277-23","ST-25",37.59432983,126.9473877
"서울특별시 성동구 용답동 102-1","ST-250",37.56764984,127.0511551
"서울특별시 성동구 마장동 610 ","ST-251",37.57164001,127.0356598
"서울특별시 광진구 중곡동 263-1","ST-252",37.55979538,127.0742035
"서울특별시 광진구 군자동 499","ST-253",37.55603027,127.0786438
"서울특별시 광진구 구의동 546-6","ST-254",37.53546524,127.0944824
"서울특별시 광진구 구의동 546-3","ST-255",37.53596878,127.0946732
"서울특별시 광진구 광장동 561-15","ST-256",37.54072952,127.1029053
"서울특별시 광진구 자양동 722","ST-257",37.53247833,127.0850906
"서울특별시 광진구 자양동 738","ST-258",37.5297699,127.0748596
"서울특별시 광진구 구의동 96","ST-259",37.55122375,127.0897064
"서울특별시 마포구 서강로16길 72","ST-26",37.55113983,126.9369888
"서울특별시 동대문구 한천로 329","ST-260",37.58991241,127.0686798
"서울특별시 동대문구 용두동 65-25","ST-261",37.57594681,127.0373612
"서울특별시 동대문구 장한로 25길 2","ST-262",37.57217407,127.0713882
"서울특별시 동대문구 답십리로 210-3","ST-263",37.57265472,127.0636368
"서울특별시 동대문구 전농로3길 23","ST-264",37.56965637,127.0559616
"서울특별시 동대문구 천호대로 26","ST-265",37.57419968,127.0264969
"서울특별시 동대문구 겸재로 21","ST-266",37.58462524,127.0702896
"서울특별시 동대문구 이문동186-1","ST-267",37.60271072,127.0678635
"서울특별시 동대문구 전농로 192","ST-268",37.58131027,127.0553436
"서울특별시 동대문구 제기동122-388","ST-269",37.58779144,127.0373612
"서울특별시 마포구 백범로 35","ST-27",37.54948425,126.9389496
"서울특별시 동대문구 답십리동 524-1","ST-270",37.57308578,127.0521622
"서울특별시 동대문구 용두동 237-10 ","ST-271",37.57366562,127.0308151
"서울특별시 동대문구 신설동 92-34","ST-272",37.57527161,127.023468
"서울특별시 동대문구 용두동 237-10","ST-273",37.57768631,127.0310135
"서울특별시 동대문구 용두동 696-13 ","ST-274",37.57638168,127.0351105
"서울특별시 동대문구 전농동 135-5","ST-275",37.58256149,127.0543671
"서울특별시 동대문구 답십리동 94-2 ","ST-276",37.57420349,127.0576935
"서울특별시 영등포구 양화동 17-4","ST-277",37.54466629,126.8883591
"서울특별시 영등포구 양평동4가 202-1","ST-278",37.53845978,126.8945084
"서울특별시 영등포구 양평동4가 20-4","ST-279",37.53587341,126.8921814
"서울특별시 마포구 대흥로 122","ST-28",37.55041122,126.9438477
"서울특별시 영등포구 양평동1가 115-2","ST-280",37.52450562,126.8918228
"서울특별시 영등포구 양평동3가 14-1","ST-281",37.52565002,126.8878174
"서울특별시 영등포구 양평동3가 60-1","ST-282",37.52848816,126.8916473
"서울특별시 영등포구 신길동 399 ","ST-283",37.50046158,126.9058456
"서울특별시 영등포구 신길동 250-4 ","ST-284",37.50456619,126.9102325
"서울특별시 영등포구 문래동3가 68-1","ST-285",37.51615524,126.8946152
"서울특별시 영등포구 신길동 4490 ","ST-286",37.49651337,126.9148026
"서울특별시 영등포구 당산동4가 96-2","ST-287",37.52638626,126.9027557
"서울특별시 영등포구 영등포동7가 58-2","ST-288",37.5258522,126.9032822
"서울특별시 영등포구 문래동3가 55-12 ","ST-289",37.51873779,126.8955765
"서울특별시 마포구 백범로 10","ST-29",37.5535202,126.9369507
"서울특별시 영등포구 도림동 255-2 ","ST-290",37.50532913,126.8984833
"서울특별시 영등포구 신길동 215-28 ","ST-291",37.51093292,126.9102249
"서울특별시 영등포구 양평동3가 48-1","ST-292",37.52708435,126.8913803
"서울특별시 영등포구 영등포동8가 82-4 ","ST-293",37.53007889,126.9057083
"서울특별시 영등포구 당산동4가 35-24 ","ST-294",37.52826309,126.8966293
"서울특별시 영등포구 당산동5가 14-4","ST-295",37.53368759,126.9021072
"서울특별시 영등포구 여의도동8-13","ST-296",37.53105545,126.9242096
"서울특별시 영등포구 여의도동 8","ST-297",37.52412033,126.9365463
"서울특별시 영등포구 신길동 249","ST-298",37.50764084,126.9230804
"서울특별시 영등포구 신길동853","ST-299",37.50449371,126.9219513
"서울특별시 마포구 동교로8길 58","ST-3",37.54956055,126.9057541
"서울특별시 서대문구 연세로 3-5","ST-30",37.55549622,126.9363403
"서울특별시 영등포구 신길동4884","ST-300",37.49982834,126.9199448
"서울특별시 영등포구 신길동3596","ST-301",37.5006485,126.9095154
"서울특별시 영등포구 신길동263-76","ST-302",37.50380325,126.9034195
"서울특별시 영등포구 신길동373-1","ST-303",37.50657272,126.9011307
"서울특별시 영등포구 도림동 159-70","ST-304",37.50947571,126.8992996
"서울특별시 영등포구 신길동95-256","ST-305",37.51384354,126.9193573
"서울특별시 영등포구 영등포동1가35","ST-306",37.51769257,126.914299
"서울특별시 영등포구 신길동1368","ST-307",37.51359177,126.9259338
"서울특별시 양천구 목동 559","ST-308",37.5468483,126.8727722
"서울특별시 양천구 목동 813","ST-309",37.53280258,126.8639298
"서울특별시 마포구 신촌로 106","ST-31",37.55505371,126.9375687
"서울특별시 양천구 목동 904-3","ST-310",37.53254318,126.8687286
"서울특별시 양천구 목동 451","ST-311",37.52406311,126.8755798
"서울특별시 양천구 신정동 1095","ST-312",37.52325439,126.8649063
"서울특별시 양천구 신월동 894","ST-313",37.5218811,126.8517532
"서울특별시 양천구 중앙로 209","ST-314",37.51515579,126.8548966
"서울특별시 양천구 신정동 319-3","ST-315",37.51897049,126.8699646
"서울특별시 양천구 신정동 760-2","ST-316",37.51158524,126.8415604
"서울특별시 양천구 신정동 759-2","ST-317",37.51065826,126.8425369
"서울특별시 양천구 신월동 1063-4","ST-318",37.51705933,126.8484879
"서울특별시 양천구 신월동 905","ST-319",37.51699829,126.8383179
"서울특별시 마포구 신촌로 94","ST-32",37.55485916,126.9361572
"서울특별시 양천구 신월동 790","ST-320",37.53304672,126.8299561
"서울특별시 양천구 신월동 790","ST-321",37.532547,126.8308029
"서울특별시 용산구 원효로4가 109-10","ST-322",37.53243256,126.9547424
"서울특별시 용산구 용산동5가 24-3","ST-323",37.52411652,126.9721222
"서울특별시 용산구 한남동 726-494","ST-324",37.54115295,127.0022125
"서울특별시 용산구 한남동 725-17","ST-325",37.53813934,127.004097
"서울특별시 용산구 문배동 34-10","ST-326",37.53675842,126.9700012
"서울특별시 용산구 한강로3가 16-8","ST-327",37.5330658,126.9607315
"서울특별시 용산구 동자동 14-229","ST-328",37.55227661,126.9726868
"서울특별시 용산구 서빙고동 235-5","ST-329",37.520504,126.9897385
"서울특별시 서대문구 증가로 264","ST-33",37.5841713,126.9111023
"서울특별시 용산구 독서당로 18","ST-330",37.53016663,127.0074387
"서울특별시 용산구 용산동2가 5-1812","ST-331",37.53841019,126.9866486
"서울특별시 용산구 용산동2가 6-7","ST-332",37.53507996,126.9853821
"서울특별시 용산구 용산동1가 8-4","ST-333",37.53483963,126.9776611
"서울특별시 용산구 한강로1가 228-1","ST-334",37.53351212,126.9722748
"서울특별시 용산구 이촌동301-5","ST-335",37.51850891,126.9787979
"서울특별시 종로구 서린동 26-1","ST-336",37.56983566,126.9826584
"서울특별시 종로구 성균관로 91","ST-337",37.59023285,126.9985199
"서울특별시 중구 을지로 227","ST-338",37.56699371,127.0034638
"서울특별시 마포구 마포나루길 467","ST-339",37.55134201,126.9026718
"서울특별시 서대문구 연세로5나길 19","ST-34",-87.39414978,51.31660461
"서울특별시 마포구 동교로 7","ST-340",37.55156708,126.9028473
"서울특별시 마포구 연남로 30","ST-341",37.56516647,126.9193955
"서울특별시 마포구 월드컵로 119 ","ST-342",37.55894852,126.907753
"서울특별시 마포구 현석동 106-32","ST-343",37.54254532,126.9342957
"서울특별시 마포구 하늘공원로 108-1","ST-344",37.56396484,126.8982086
"서울특별시 서대문구 거북골로19길 20","ST-345",37.57767487,126.9098053
"서울특별시 서대문구 연희로37안길 51","ST-346",37.58638763,126.9351273
"서울특별시 서대문구 응암로 66","ST-347",37.57889175,126.9107361
"서울특별시 서대문구 연희동 519-7","ST-348",37.57222748,126.9230652
"서울특별시 서대문구 북가좌동 352-9","ST-349",37.57987595,126.9063492
"서울특별시 서대문구 불광천길 150","ST-35",37.58203125,126.9089966
"서울특별시 서대문구 불광천길 36","ST-350",37.57731628,126.9029694
"서울특별시 서대문구 연희동 446-76","ST-351",37.56765747,126.9178085
"서울특별시 서대문구 홍제천로 48","ST-352",37.56612015,126.9258957
"서울특별시 서대문구 현저동 102-53","ST-353",37.5739212,126.9583054
"서울특별시 서대문구 충정로3가 155-4","ST-354",37.5621376,126.9637756
"서울특별시 성동구 광나루로 334","ST-355",37.54814911,127.06707
"서울특별시 성동구 광나루로 297","ST-356",37.54816437,127.0623703
"서울특별시 성동구 금호동4가 367-1","ST-357",37.54205322,127.020401
"서울특별시 성동구 무학로10길 6","ST-358",37.56764221,127.0256958
"서울특별시 성동구 고산자로 260","ST-359",37.56460571,127.0365219
"서울특별시 서대문구 명물길 33","ST-36",37.55789185,126.9380798
"서울특별시 성동구 왕십리광장로 10-1","ST-360",37.56109619,127.0367966
"서울특별시 성동구 동일로 213","ST-361",37.55120468,127.0689316
"서울특별시 성동구 왕십리로 64","ST-362",37.54281616,127.0446701
"서울특별시 성동구 동일로 313","ST-363",37.55924606,127.07341
"서울특별시 성동구 광나루로 302","ST-364",37.5479126,127.0627518
"서울특별시 성동구 동호로 99","ST-365",37.54792786,127.0155716
"서울특별시 성동구 한림말길 56","ST-366",37.54136276,127.0176621
"서울특별시 성동구 뚝섬로1길 43","ST-367",37.54520798,127.047142
"서울특별시 성동구 아차산로 113","ST-368",37.54459,127.0570831
"서울특별시 동대문구 청계천로 417","ST-369",37.57110214,127.0235596
"서울특별시 서대문구 명물길 33","ST-37",37.5591011,126.9391785
"서울특별시 성동구 독서당로 381","ST-370",37.54958344,127.0302429
"서울특별시 성동구 광나루로 303-1","ST-371",37.54828644,127.062088
"서울특별시 성동구 마장로 292-1","ST-372",37.56520462,127.0418472
"서울특별시 성동구 무수막길 97","ST-373",37.55449295,127.0202103
"서울특별시 성동구 용답25길 1","ST-374",37.56101227,127.0542374
"서울특별시 성동구 성수일로 27","ST-375",37.54317856,127.0490799
"서울특별시 성동구 마장로39길 51","ST-376",37.56797028,127.0468903
"서울특별시 광진구 구의강변로 106","ST-377",37.54006195,127.0944977
"서울특별시 광진구 구의강변로 64","ST-378",37.53657913,127.0929718
"서울특별시 광진구 동일로 459","ST-379",37.57125473,127.0798035
"서울특별시 마포구 신촌로26길 10","ST-38",37.55600357,126.9422989
"서울특별시 영등포구 영등포로34길 9","ST-380",37.51932526,126.9025421
"서울특별시 광진구 강변역로 17","ST-381",37.53784943,127.0921707
"서울특별시 광진구 군자로 74","ST-382",37.54849625,127.0747604
"서울특별시 광진구 능동로 398","ST-383",37.5653801,127.0865097
"서울특별시 광진구 능동로 216","ST-384",37.54523087,127.0847321
"서울특별시 광진구 능동로 216","ST-385",37.55184937,127.0889816
"서울특별시 광진구 용마산로 120","ST-386",37.56429291,127.086937
"서울특별시 광진구 아차산로 552","ST-387",37.54483032,127.1042633
"서울특별시 광진구 구천면로 2","ST-388",37.54654694,127.1061325
"서울특별시 동대문구 사가정로 62","ST-389",37.57471848,127.0533905
"서울특별시 서대문구 연세로2다길 58","ST-39",37.55681229,126.9431839
"서울특별시 동대문구 사가정로 119","ST-390",37.57779312,127.0578308
"서울특별시 동대문구 서울시립대로 161","ST-391",37.58369827,127.0538559
"서울특별시 동대문구 서울시립대로 31","ST-392",37.57418823,127.0458908
"서울특별시 동대문구 전농로 34","ST-393",37.56819153,127.0571747
"서울특별시 동대문구 장한로6길 95","ST-394",37.56115341,127.0709686
"서울특별시 동대문구 사가정로 240","ST-395",37.57863235,127.071907
"서울특별시 동대문구 한천로 290","ST-396",37.58681488,127.067543
"서울특별시 동대문구 천호대로 145","ST-397",37.57485199,127.0403061
"서울특별시 동대문구 천호대로 269","ST-398",37.5681839,127.0512772
"서울특별시 동대문구 왕산로 209","ST-399",37.58104706,127.046135
"서울특별시 마포구 월드컵로 72","ST-4",37.5556488,126.9106293
"서울특별시 서대문구 증가로 264","ST-40",37.5591774,126.9345245
"서울특별시 동대문구 홍릉로 1","ST-400",37.58040619,127.0448227
"서울특별시 동대문구 이문로 107","ST-401",37.59601974,127.0598297
"서울특별시 동대문구 이문로1길 11","ST-402",37.58751678,127.0527725
"서울특별시 동대문구 회기로 56","ST-403",37.59090042,127.0425873
"서울특별시 동대문구 회기로 85","ST-404",37.59161377,127.0457916
"서울특별시 동대문구 한천로43길 12-14","ST-405",37.58300781,127.0609741
"서울특별시 동대문구 한천로43길 12-14","ST-406",37.58519745,127.0609512
"서울특별시 동대문구 왕산로 205","ST-407",37.58245468,127.0444946
"서울특별시 동대문구 청계천로 563","ST-408",37.57375336,127.0385361
"서울특별시 동대문구 천호대로 231","ST-409",37.5701561,127.048584
"서울특별시 서대문구 연세로 50-1","ST-41",37.560009,126.9407349
"서울특별시 동대문구 장안벚꽃로 77","ST-410",37.56697083,127.0744171
"서울특별시 동대문구 한천로 42","ST-411",0,0
"서울특별시 동대문구 망우로 126","ST-412",0,0
"서울특별시 영등포구 당산로 111-2","ST-413",37.52463531,126.8962174
"서울특별시 영등포구 여의서로 160","ST-414",37.53367996,126.9120865
"서울특별시 영등포구 선유로 82","ST-415",0,0
"서울특별시 영등포구 문래로 56","ST-416",37.51992798,126.889183
"서울특별시 영등포구 선유로 34","ST-417",37.51715088,126.8886261
"서울특별시 영등포구 영등포로 96","ST-418",37.52193069,126.8916168
"서울특별시 영등포구 영등포로 124","ST-419",37.52113342,126.8965378
"서울특별시 서대문구 연세로 50","ST-42",37.56238174,126.9326477
"서울특별시 영등포구 영등포로 177","ST-420",37.52029419,126.9011917
"서울특별시 영등포구 양평로 76","ST-421",37.53596115,126.8983002
"서울특별시 영등포구 양평로 58","ST-422",37.53471756,126.9000015
"서울특별시 영등포구 여의나루로 96","ST-423",0,0
"서울특별시 영등포구 여의나루로 76","ST-424",37.52234268,126.9271011
"서울특별시 영등포구 여의동로 48","ST-425",37.51896286,126.9216156
"서울특별시 영등포구 당산로52길 3","ST-426",37.53533936,126.9036789
"서울특별시 양천구 목동서로 201","ST-427",37.52845001,126.8722
"서울특별시 양천구 목동서로 355","ST-428",37.51728058,126.8643341
"서울특별시 양천구 목동서로 221","ST-429",37.51471329,126.8609161
"서울특별시 서대문구 연세로 42","ST-43",37.55979538,126.9344788
"서울특별시 양천구 목동중앙서로7길 26","ST-430",37.5226593,126.8708344
"서울특별시 양천구 등촌로 2","ST-431",37.5303688,126.8642578
"서울특별시 양천구 신월로 97","ST-432",37.5161972,126.8348999
"서울특별시 양천구 가로공원로 145","ST-433",37.53667068,126.8321838
"서울특별시 용산구 백범로 350","ST-434",37.53751373,126.9675674
"서울특별시 용산구 한강대로 115","ST-435",37.53014755,126.968483
"서울특별시 용산구 한강대로 161","ST-436",37.53345108,126.9717331
"서울특별시 용산구 청파로47길 100","ST-437",37.54489517,126.9693832
"서울특별시 용산구 원효로97길 33-4","ST-438",37.54165268,126.9705048
"서울특별시 용산구 한강대로 349","ST-439",37.54902649,126.9719467
"서울특별시 용산구 이촌로 219","ST-440",37.52204132,126.9655228
"서울특별시 용산구 효창원로 161","ST-441",37.54232025,126.9619598
"서울특별시 용산구 서빙고로 279","ST-442",37.52033615,126.9942627
"서울특별시 마포구 성산동 515","ST-443",37.56684494,126.8964462
"서울특별시 종로구 혜화동 56","ST-444",37.58573532,127.0016098
"서울특별시 광진구 군자동 374-8","ST-445",37.54782867,127.0726318
"서울특별시 성동구 성수동2가 569-3","ST-446",37.53680801,127.0554886
"서울특별시 성동구 마장로42길 14","ST-447",37.56594086,127.0453949
"서울특별시 은평구 녹번동 85-4","ST-448",37.60394287,126.9276962
"서울특별시 은평구 응암동 84-14","ST-449",37.60097504,126.9269562
"서울특별시 영등포구 의사당대로 1","ST-45",37.52841568,126.9139175
"서울특별시 은평구 진관동 45-21","ST-450",37.64310837,126.9182205
"서울특별시 은평구 진관동 13-20","ST-451",37.64586639,126.9273911
"서울특별시 은평구 진관동 5-8","ST-452",37.64867401,126.9307022
"서울특별시 은평구 진관동 86-31","ST-453",37.63623428,126.9189987
"서울특별시 은평구 대조동 207-8","ST-454",37.61721039,126.9195786
"서울특별시 은평구 역촌동 43-11","ST-455",37.59949112,126.9168625
"서울특별시 은평구 갈현동 536-8","ST-456",37.61318588,126.9173508
"서울특별시 은평구 응암동 761-9","ST-457",37.58699417,126.9228821
"서울특별시 은평구 신사동 35-23","ST-458",0,0
"서울특별시 은평구 녹번동 153-31","ST-459",37.60558319,126.9229355
"서울특별시 영등포구 국회대로76길 10","ST-46",37.53123856,126.9213333
"서울특별시 은평구 응암동 604-5","ST-460",37.58966064,126.9169464
"서울특별시 은평구 응암동 90-15","ST-461",37.60070038,126.9201279
"서울특별시 은평구 응암동 610-3","ST-462",37.59079742,126.9136505
"서울특별시 은평구 증산동 199-8","ST-463",37.5843811,126.9098969
"서울특별시 은평구 역촌동 15-40","ST-464",37.60784912,126.9213257
"서울특별시 은평구 녹번동 55","ST-465",37.60129929,126.9353485
"서울특별시 은평구 불광동 260-2","ST-466",37.61267853,126.9277573
"서울특별시 은평구 녹번동 15-2","ST-467",37.60702515,126.9333115
"서울특별시 은평구 녹번동 116-3","ST-468",0,0
"서울특별시 은평구 진관동 242-14","ST-469",37.63001633,126.9190292
"서울특별시 영등포구 여의공원로 101","ST-47",37.52881622,126.92453
"서울특별시 은평구 대조동 227-2","ST-470",37.61780167,126.9219666
"서울특별시 은평구 불광동 355","ST-471",37.62094879,126.9256363
"서울특별시 은평구 진관동 161-9","ST-472",37.62851715,126.9295807
"서울특별시 은평구 불광동 285-43","ST-473",37.60956573,126.9309769
"서울특별시 은평구 불광동 276-6","ST-474",37.61117935,126.9296646
"서울특별시 은평구 불광동 304-5","ST-475",37.61785507,126.9225235
"서울특별시 은평구 진관동 133-29","ST-476",37.64131546,126.9380417
"서울특별시 은평구 응암동 86-15","ST-477",37.60105133,126.9242249
"서울특별시 은평구 역촌동 41-7","ST-478",37.60166168,126.9203033
"서울특별시 은평구 역촌동 45-34","ST-479",37.60473633,126.9153366
"서울특별시 성동구 자동차시장 3길 64 (물재생센터)","ST-48",37.55759811,127.0653076
"서울특별시 은평구 연서로 117","ST-480",37.61000443,126.9163971
"서울특별시 은평구 서오릉로 163","ST-481",37.61248398,126.9148789
"서울특별시 성동구 성수동2가 276-5","ST-482",37.54541779,127.0526428
"서울특별시 광진구 능동로 10","ST-483",37.53268814,127.0674973
"서울특별시 강동구 올림픽로 674 로석빌딩","ST-485",37.54179382,127.1247482
"서울특별시 강동구 올림픽로 702 해공도서관","ST-486",37.54526138,127.125946
"서울특별시 강동구 올림픽로 702 해공도서관","ST-487",37.54395676,127.1254883
"서울특별시 강동구 올림픽로 812","ST-488",37.55332947,127.1288681
"서울특별시 강동구 고덕로 362","ST-489",0,0
"서울특별시 강동구 고덕로 131 강동 롯데캐슬퍼스트아파트","ST-490",37.55486679,127.1427994
"서울특별시 강동구 올림픽로 875 서울 암사동 유적","ST-491",37.55955887,127.1308746
"서울특별시 강동구 올림픽로 767","ST-492",37.54957581,127.127182
"서울특별시 강동구 천호대로 1005 현대백화점","ST-493",37.53866577,127.1242447
"서울특별시 강동구 천호대로 1139 강동그린타워","ST-494",37.53450775,127.1384049
"서울특별시 강동구 성내동 450-31","ST-495",37.53474426,127.1352844
"서울특별시 강동구 올림픽로 610 서울상운자동차공업사","ST-496",37.53600693,127.1227264
"서울특별시 강동구 올림픽로 552","ST-497",37.53071594,127.1209869
"서울특별시 강동구 구천면로 395 명일동공영주차장","ST-498",37.55080032,127.142952
"서울특별시 강동구 명일동 289-21","ST-499",37.55003738,127.1469116
"서울특별시 마포구 월드컵로 79","ST-5",37.55495071,126.9108353
"서울특별시 영등포구 의사당대로 8","ST-50",37.52816391,126.9170227
"서울특별시 강동구 강일동 706","ST-500",37.55939865,127.1711807
"서울특별시 강동구 길동 252-91","ST-501",37.53544617,127.1451874
"서울특별시 강동구 성내동 434-28","ST-502",37.52679443,127.1300583
"서울특별시 강동구 성내로 57 강동경찰서","ST-503",37.52825165,127.1268005
"서울특별시 강동구 강일동 681","ST-504",37.56427383,127.1739731
"서울특별시 강동구 성내동 379-41","ST-505",37.53377914,127.1379929
"서울특별시 성동구 아차산로 100","ST-506",37.54415894,127.0566559
"서울특별시 강서구 개화동로5길 3-8","ST-507",37.58161163,126.7985992
"서울특별시 강서구 양천로17길 6","ST-508",37.57364273,126.8118057
"서울특별시 강서구 금낭화로 176","ST-509",37.58162308,126.8126526
"서울특별시 영등포구 국회대로 지하758","ST-51",37.5280571,126.9187012
"서울특별시 강서구 방화동 614-287","ST-510",37.56387329,126.8106079
"서울특별시 강서구 방화동로 지하 30","ST-511",37.56334686,126.8104858
"서울특별시 강서구 마곡중앙5로 58","ST-512",37.56698227,126.8218002
"서울특별시 강서구 마곡서로 175","ST-513",37.56857681,126.8247757
"서울특별시 강서구 양천로 201","ST-514",37.57309341,126.8228989
"서울특별시 강서구 양천로 200","ST-515",37.57278061,126.8262787
"서울특별시 강서구 양천로 지하 560","ST-516",37.55746078,126.8614578
"서울특별시 강서구 양천로 637","ST-517",37.55425262,126.8675613
"서울특별시 강서구 허준로 139 강변아파트","ST-518",37.564785,126.8546448
"서울특별시 강서구 양천로61길 101","ST-519",37.55947876,126.8643799
"서울특별시 영등포구 의사당대로 97","ST-52",37.52626419,126.9205093
"서울특별시 강서구 허준로 221-40","ST-520",37.56193161,126.8638687
"서울특별시 강서구 강서로80길 117","ST-521",37.57048035,126.8495026
"서울특별시 강서구 공항대로 280","ST-522",37.55796814,126.8382874
"서울특별시 강서구 강서로 지하 262","ST-523",37.54890823,126.8365631
"서울특별시 강서구 화곡로 157","ST-524",37.54098129,126.8385468
"서울특별시 강서구 화곡로 지하 168","ST-525",37.542099,126.8402176
"서울특별시 강서구 화곡로 196","ST-526",37.54275131,126.8426209
"서울특별시 강서구 화곡로 232","ST-527",37.54644394,126.845459
"서울특별시 강서구 공항대로 지하 529","ST-528",37.55110931,126.8637085
"서울특별시 강서구 등촌로51나길 29","ST-529",37.54806137,126.8604202
"서울특별시 영등포구 여의공원로 13","ST-53",37.52466583,126.9180222
"서울특별시 강서구 등촌로 185","ST-530",37.54653168,126.8625488
"서울특별시 강서구 등촌로 167","ST-531",37.54478836,126.8619995
"서울특별시 강서구 등촌로 143","ST-532",37.54143143,126.8632202
"서울특별시 강서구 등촌로 95","ST-533",37.53650665,126.8633347
"서울특별시 강서구 등촌로 19","ST-534",37.53139877,126.8636093
"서울특별시 강서구 강서로5길 50","ST-535",37.52906036,126.8484802
"서울특별시 강서구 강서로5길 50","ST-536",37.52891922,126.8480835
"서울특별시 강서구 곰달래로 51","ST-537",37.53033829,126.8382568
"서울특별시 강서구 까치산로4길 22","ST-538",37.54146957,126.84478
"서울특별시 송파구 올림픽로 8","ST-539",37.51042938,127.071373
"서울특별시 영등포구 여의대로 128","ST-54",0,0
"서울특별시 송파구 올림픽로 지하 23","ST-540",37.51128006,127.0782394
"서울특별시 송파구 풍납동 472","ST-541",37.52974701,127.1199646
"서울특별시 송파구 오금로 20","ST-542",37.52045059,127.1042023
"서울특별시 송파구 오금동 6-2","ST-543",37.50831985,127.1332169
"서울특별시 송파구 양재대로 지하 1233","ST-544",37.51657104,127.1315384
"서울특별시 송파구 충민로4길 19","ST-545",37.47930527,127.1297989
"서울특별시 송파구 백제고분로15길 7","ST-546",37.50569153,127.0840378
"서울특별시 송파구 백제고분로 95","ST-547",37.51198196,127.0850525
"서울특별시 송파구 올림픽로 74","ST-548",37.51216888,127.0789337
"서울특별시 송파구 양산로 15","ST-549",37.49068832,127.1431274
"서울특별시 영등포구 국제금융로 24","ST-55",37.52461243,126.9278336
"서울특별시 송파구 석촌호수로12길 3-19","ST-550",37.51208878,127.0961914
"서울특별시 송파구 석촌호수로12길 3-17","ST-551",37.51050949,127.0933685
"서울특별시 송파구 올림픽로 240","ST-552",37.50888824,127.097229
"서울특별시 송파구 잠실로 62","ST-553",37.50887299,127.0871658
"서울특별시 서대문구 거북골로 34","ST-554",0,0
"서울특별시 서대문구 거북골로 34","ST-555",37.58109665,126.9240265
"서울특별시 성북구 보국문로29길 23","ST-556",37.60379028,127.0150299
"서울특별시 성북구 정릉로27가길 28-2","ST-557",37.60324478,127.0141907
"서울특별시 중랑구 동일로 941","ST-558",37.61473846,127.0763626
"서울특별시 성북구 아리랑로19길 20","ST-559",37.60243988,127.0116882
"서울특별시 영등포구 국제금융로 10","ST-56",37.52606583,126.9255371
"서울특별시 성북구 보국문로29길 23","ST-560",37.60776138,127.0032806
"서울특별시 중랑구 망우로 448","ST-561",37.60007095,127.1023331
"서울특별시 성북구 보국문로29길 23","ST-562",37.60726166,127.0028381
"서울특별시 성북구 동소문로 248","ST-563",37.60308456,127.0247879
"서울특별시 성북구 종암로 147","ST-564",37.6030426,127.0332718
"서울특별시 성북구 종암로3길 37-2","ST-565",37.59806824,127.0392761
"서울특별시 중랑구 망우로 211","ST-566",37.59424973,127.0765762
"서울특별시 성북구 월곡로 지하 107","ST-567",37.60043335,127.0402069
"서울특별시 중랑구 망우로55길 11-10","ST-568",37.59909821,127.0929489
"서울특별시 중랑구 송림길 156","ST-569",37.60625076,127.1082687
"서울특별시 영등포구 국회대로68길 7","ST-57",37.52222824,126.9246368
"서울특별시 중랑구 동일로 지하 901","ST-570",37.61072159,127.0774765
"서울특별시 성북구 화랑로 148","ST-571",37.60580826,127.0477371
"서울특별시 성북구 화랑로 지하 157","ST-572",37.60606766,127.0473175
"서울특별시 중랑구 용마산로 285","ST-573",37.57778168,127.0901871
"서울특별시 성북구 화랑로 지하 157","ST-574",37.60734177,127.0506821
"서울특별시 중랑구 면목로 434","ST-575",37.59096146,127.0870667
"서울특별시 성북구 한천로95길 7","ST-576",37.6177597,127.0559692
"서울특별시 중랑구 신내로 지하 232","ST-577",37.61756134,127.0903091
"서울특별시 노원구 화랑로 지하 347-1","ST-578",37.61355591,127.0660934
"서울특별시 성북구 돌곶이로22길 21","ST-579",37.61052322,127.0597992
"서울특별시 영등포구 의사당대로 88","ST-58",37.5213623,126.9234619
"서울특별시 성북구 화랑로 296","ST-580",37.61299896,127.0613098
"서울특별시 중랑구 망우로 353","ST-581",37.59759903,127.0892181
"서울특별시 성북구 한천로 573","ST-582",37.61130905,127.0626602
"서울특별시 중랑구 신내역로1길 164","ST-583",37.61743927,127.1090164
"서울특별시 중랑구 용마산로136길 33","ST-584",37.61671066,127.110733
"서울특별시 중랑구 신내로16길 17","ST-585",37.61423111,127.0967636
"서울특별시 중랑구 신내로 지하 232","ST-586",37.61246109,127.1033783
"서울특별시 중랑구 신내역로 213","ST-587",37.62009811,127.1064606
"서울특별시 중랑구 송림길 147","ST-588",37.6063118,127.1077423
"서울특별시 중랑구 용마산로86길 9-27","ST-589",37.58745956,127.0959702
"서울특별시 영등포구 여의대로 38","ST-59",37.52190781,126.9189529
"서울특별시 중랑구 용마산로 지하 227","ST-590",37.57358932,127.0868225
"서울특별시 중랑구 동일로 665","ST-591",37.58993149,127.0798111
"서울특별시 중랑구 사가정로 332","ST-592",37.57986832,127.0823669
"서울특별시 중랑구 용마산로 644","ST-593",37.60868073,127.1007919
"서울특별시 중랑구 용마산로129가길 41","ST-594",37.60588074,127.1006317
"서울특별시 중랑구 동일로 594","ST-595",37.5834198,127.0799255
"서울특별시 중랑구 신내로 지하 232","ST-596",37.61616898,127.093483
"서울특별시 성북구 종암로 88","ST-597",37.59928513,127.0346222
"서울특별시 중랑구 망우로 233","ST-599",37.59529877,127.0800324
"서울특별시 마포구 양화로 59","ST-6",37.55062866,126.9149857
"서울특별시 영등포구 여의대로 38","ST-60",37.5230217,126.9208374
"서울특별시 노원구 화랑로 331","ST-600",37.61529922,127.0644684
"서울특별시 노원구 월계로 252","ST-601",37.62485886,127.0501404
"서울특별시 노원구 동일로 지하 992-1","ST-602",37.61917114,127.0749283
"서울특별시 노원구 화랑로 지하 510","ST-603",37.62036896,127.0836411
"서울특별시 노원구 공릉로 232","ST-604",37.62994003,127.0765533
"서울특별시 노원구 동일로 지하 1196","ST-605",37.63510895,127.0683289
"서울특별시 노원구 섬밭로 241","ST-606",37.63714981,127.0632706
"서울특별시 노원구 동일로 1229","ST-607",37.63864899,127.0662918
"서울특별시 노원구 상계로 283","ST-608",37.66907883,127.0775909
"서울특별시 노원구 덕릉로131길 8","ST-609",37.67271042,127.0831604
"서울특별시 영등포구 여의나루로 76","ST-61",37.52327728,126.9292374
"서울특별시 노원구 동일로 1351","ST-610",37.64921188,127.0617676
"서울특별시 노원구 노해로 489","ST-611",37.65470123,127.0634003
"서울특별시 노원구 동일로 1701","ST-612",37.68031311,127.055069
"서울특별시 도봉구 덕릉로 376","ST-613",37.64617157,127.05056
"서울특별시 도봉구 마들로 656","ST-614",37.66922379,127.0465164
"서울특별시 도봉구 도봉로 552","ST-615",37.65446091,127.0385132
"서울특별시 도봉구 도봉로 지하 486-1","ST-616",37.65012741,127.035347
"서울특별시 도봉구 마들로11길 74","ST-617",37.65404892,127.0502014
"서울특별시 서초구 동작대로 82","ST-618",37.48374939,126.9822617
"서울특별시 금천구 벚꽃로 115","ST-619",37.46652985,126.8887177
"서울특별시 영등포구 의사당대로 127","ST-62",37.52069473,126.9258347
"서울특별시 금천구 가산디지털2로 151","ST-620",37.48228836,126.8777695
"서울특별시 금천구 가산디지털1로 233","ST-621",37.48621368,126.8786392
"서울특별시 금천구 가산디지털1로 84","ST-622",37.47320938,126.8849411
"서울특별시 금천구 가산디지털1로 63","ST-623",37.47077942,126.8851547
"서울특별시 금천구 디지털로9길 32","ST-624",37.47903061,126.8872986
"서울특별시 금천구 가산로 99","ST-625",37.47422028,126.8941269
"서울특별시 금천구 시흥대로38길 61","ST-626",37.44686127,126.9038315
"서울특별시 금천구 금하로 668","ST-627",37.45312119,126.9043121
"서울특별시 금천구 시흥대로 446","ST-628",37.4433403,126.9033585
"서울특별시 금천구 시흥대로 198","ST-629",37.45145798,126.9021149
"서울특별시 영등포구 의사당대로 110","ST-63",37.5193634,126.9260483
"서울특별시 금천구 시흥대로 217","ST-630",37.45299149,126.9009094
"서울특별시 금천구 시흥대로 287","ST-631",37.4589119,126.8985901
"서울특별시 금천구 독산동 ","ST-632",37.46455002,126.883728
"서울특별시 금천구 금하로1길 70","ST-633",37.45470047,126.8910523
"서울특별시 금천구 한내로 62","ST-634",37.45684052,126.8883438
"서울특별시 금천구 시흥대로150길 6","ST-635",37.47531891,126.8988876
"서울특별시 금천구 시흥대로 391","ST-636",37.4691391,126.8972015
"서울특별시 금천구 두산로 71","ST-637",37.4702301,126.8950729
"서울특별시 금천구 시흥대로 435","ST-638",37.47249985,126.8979569
"서울특별시 금천구 벚꽃로 115","ST-639",37.46654129,126.8902817
"서울특별시 영등포구 국제금융로7길 37","ST-64",37.52483749,126.934906
"서울특별시 금천구 가산디지털2로 123","ST-640",37.47908401,126.8790436
"서울특별시 금천구 가산디지털1로 128","ST-641",37.47706985,126.8844299
"서울특별시 금천구 시흥대로73길 70","ST-642",37.45647812,126.8959274
"서울특별시 강북구 도봉로 355","ST-643",37.63927841,127.0267563
"서울특별시 강북구 삼양로 234","ST-644",37.62415695,127.0186234
"서울특별시 강북구 삼각산로 85","ST-645",37.64032745,127.0133591
"서울특별시 강북구 한천로 1009","ST-646",37.63880539,127.0283585
"서울특별시 강북구 솔매로49길 14","ST-647",37.62714005,127.0266953
"서울특별시 강북구 솔샘로 284","ST-648",37.61828613,127.0240479
"서울특별시 강북구 도봉로 357","ST-649",37.64457703,127.0159302
"서울특별시 영등포구 국제금융로7길 27","ST-65",37.52349091,126.9328995
"서울특별시 강북구 노해로 50","ST-650",37.63986206,127.022789
"서울특별시 강북구 삼양로 474","ST-651",37.64545059,127.0156174
"서울특별시 강북구 삼양로99길 33","ST-652",37.63870621,127.0159073
"서울특별시 강북구 삼각산로22길 2-4","ST-653",37.64009476,127.0167084
"서울특별시 강북구 삼양로 439","ST-654",37.64308548,127.0161667
"서울특별시 성북구 종암로3길 37-2","ST-655",37.59328842,127.0366669
"서울특별시 도봉구 도봉로 지하 486-1","ST-656",37.64738083,127.0342178
"서울특별시 도봉구 도봉로 955","ST-657",37.68972015,127.0451965
"서울특별시 도봉구 해등로 150","ST-658",37.65682983,127.0398483
"서울특별시 도봉구 도봉로 지하 486-1","ST-659",37.64799118,127.034111
"서울특별시 영등포구 국제금융로8길 2","ST-66",37.52207947,126.9303665
"서울특별시 금천구 서부샛길 70","ST-660",37.45584869,126.8931427
"서울특별시 금천구 독산로54길 114","ST-661",37.46740341,126.9081421
"서울특별시 구로구 신도림로 40","ST-662",37.50733185,126.8797302
"서울특별시 구로구 경인로67길 160","ST-663",37.51424026,126.8828735
"서울특별시 구로구 경인로 688","ST-664",37.50971985,126.8900986
"서울특별시 구로구 구일로2길 59","ST-665",37.48963165,126.8762589
"서울특별시 구로구 구일로 110","ST-666",37.49528503,126.8721619
"서울특별시 구로구 구로동로42길 43","ST-667",37.49750519,126.8843765
"서울특별시 구로구 시흥대로 577-2","ST-668",37.48493958,126.9013214
"서울특별시 구로구 디지털로31길 120","ST-669",37.48880005,126.8906632
"서울특별시 영등포구 여의대방로 439","ST-67",37.52267456,126.9377899
"서울특별시 구로구 구로중앙로 13","ST-670",37.49103165,126.8921509
"서울특별시 구로구 구로중앙로 48","ST-671",37.49414062,126.8899841
"서울특별시 구로구 새말로18길 39","ST-672",37.49909973,126.8913498
"서울특별시 구로구 새말로 73","ST-673",37.50437927,126.888298
"서울특별시 구로구 남부순환로 1299","ST-674",37.47874069,126.8950958
"서울특별시 구로구 경인로 430","ST-675",37.49946976,126.8684006
"서울특별시 구로구 고척로45길 31","ST-676",37.50513458,126.8527603
"서울특별시 구로구 경인로 293","ST-677",37.49768448,126.8537293
"서울특별시 구로구 남부순환로 775","ST-678",37.5015831,126.8468704
"서울특별시 구로구 개봉로3길 87","ST-679",37.4860611,126.8520126
"서울특별시 영등포구 63로 45","ST-68",37.51943588,126.9375992
"서울특별시 구로구 경인로20길 13","ST-680",37.49502945,126.8436127
"서울특별시 구로구 오류로8바길 34","ST-681",37.49755096,126.8472519
"서울특별시 구로구 경인로 621","ST-682",37.50697708,126.8857727
"서울특별시 동작구 노량진로 지하 238","ST-683",37.51284409,126.9524689
"서울특별시 동작구 노량진로 지하 130","ST-684",37.51395035,126.9429779
"서울특별시 동작구 노량진로 74","ST-685",37.51293945,126.9342423
"서울특별시 동작구 여의대방로44길 20","ST-686",37.5093689,126.9280701
"서울특별시 동작구 상도로 지하 188","ST-687",37.50585175,126.9393616
"서울특별시 동작구 상도로 지하 76","ST-688",37.49964523,126.9270935
"서울특별시 동작구 보라매로5길 44","ST-689",37.49258804,126.9252396
"서울특별시 영등포구 국제금융로 108-6","ST-69",37.51931381,126.9331665
"서울특별시 동작구 상도로 지하 188","ST-690",37.50449753,126.9389877
"서울특별시 동작구 상도로 지하 272","ST-691",37.50217819,126.948204
"서울특별시 동작구 현충로 지하 90","ST-692",37.50938034,126.9636154
"서울특별시 동작구 흑석로 47","ST-693",37.50704193,126.9591522
"서울특별시 서초구 동작대로 198","ST-694",37.4947052,126.9823914
"서울특별시 동작구 현충로 지하 220","ST-695",37.50318909,126.97715
"서울특별시 동작구 현충로 지하 220","ST-696",37.50318146,126.9760895
"서울특별시 동작구 현충로 151","ST-697",37.5063591,126.9690781
"서울특별시 동작구 흑석로 102","ST-698",37.50634003,126.9610367
"서울특별시 동작구 노량진로 지하 130","ST-699",37.51324844,126.9399719
"서울특별시 마포구 양화로 48","ST-7",37.55000687,126.9148254
"서울특별시 영등포구 국제금융로 86","ST-70",37.5200882,126.9323654
"서울특별시 동작구 만양로 84","ST-700",37.51054764,126.9448471
"서울특별시 동작구 장승배기로 26","ST-701",37.5008812,126.9417496
"서울특별시 관악구 관천로 52","ST-702",37.48423004,126.9263916
"서울특별시 관악구 관천로27길 2","ST-703",37.4891777,126.9192734
"서울특별시 관악구 난곡로 295","ST-704",37.48025131,126.9146042
"서울특별시 관악구 난곡로 210","ST-705",37.47372818,126.9184036
"서울특별시 관악구 보라매로 4","ST-706",37.48981857,126.9277268
"서울특별시 관악구 난곡로 99","ST-707",37.46488571,126.9194794
"서울특별시 관악구 남부순환로 지하 1614","ST-708",37.48440933,126.9289093
"서울특별시 관악구 문성로 115","ST-709",37.47777557,126.9167557
"서울특별시 영등포구 의사당대로 지하166","ST-71",37.51736832,126.9292526
"서울특별시 관악구 남부순환로163가길 20","ST-710",37.48514175,126.9205627
"서울특별시 관악구 난곡로 317","ST-711",37.48180008,126.9152374
"서울특별시 동작구 남부순환로 지하 2089","ST-712",37.47608948,126.9813309
"서울특별시 관악구 신림로 40","ST-713",37.4754715,126.9364548
"서울특별시 관악구 봉천로 375","ST-714",37.48334122,126.9431992
"서울특별시 관악구 남부순환로 지하 1822","ST-715",37.4813385,126.9506455
"서울특별시 관악구 남부순환로 1427","ST-716",37.48112869,126.9094315
"서울특별시 관악구 남부순환로 지하 1822","ST-717",37.48170471,126.9508286
"서울특별시 관악구 은천로 107","ST-718",37.48677444,126.9478149
"서울특별시 관악구 남부순환로 1889","ST-719",37.47805786,126.960495
"서울특별시 영등포구 의사당대로 지하166","ST-72",37.51776505,126.9284134
"서울특별시 관악구 관악로 153","ST-720",37.47916412,126.9525833
"서울특별시 관악구 낙성대로 101","ST-721",37.46905518,126.9581451
"서울특별시 관악구 낙성대로 70","ST-722",37.47198868,126.9584274
"서울특별시 관악구 남부순환로 1675","ST-723",37.48490143,126.9365311
"서울특별시 관악구 신림로 270","ST-724",37.47842789,126.9318619
"서울특별시 관악구 은천로 69","ST-725",37.48635864,126.9429245
"서울특별시 동작구 상도로 지하 2","ST-726",37.50007629,126.9210815
"서울특별시 동작구 시흥대로 634","ST-727",37.48836136,126.9062271
"서울특별시 동작구 상도로 지하 76","ST-728",37.49985504,126.9295654
"서울특별시 동작구 동작대로 지하 3","ST-729",37.48149109,126.9815826
"서울특별시 영등포구 여의동로 지하343","ST-73",37.52698898,126.9320984
"서울특별시 동작구 동작대로 129","ST-730",37.48888016,126.9820099
"서울특별시 동작구 사당로 169","ST-731",37.48683548,126.9680481
"서울특별시 동작구 사당동 1157-2","ST-732",37.48907852,126.9735642
"서울특별시 동작구 여의대방로16길 53","ST-733",37.49449921,126.9165268
"서울특별시 도봉구 마들로 891","ST-734",37.68827438,127.0490646
"서울특별시 노원구 동일로 지하 1074","ST-735",37.62661362,127.0727539
"서울특별시 노원구 한글비석로 235","ST-736",37.64902115,127.0764084
"서울특별시 송파구 송파대로28길 24","ST-737",37.49372864,127.1206207
"서울특별시 송파구 성내천로 233","ST-738",37.49975586,127.152504
"서울특별시 송파구 석촌호수로 298","ST-739",37.51210403,127.1077805
"서울특별시 마포구 월드컵로 251","ST-74",37.56640625,126.8936691
"서울특별시 송파구 오금로 지하 321","ST-740",37.50259399,127.1276474
"서울특별시 서초구 본마을2길 2","ST-741",37.4532814,127.0514832
"서울특별시 서초구 청계산로 지하 179","ST-742",37.44893646,127.0543747
"서울특별시 서초구 청계산로9길 76","ST-743",37.45375061,127.0593796
"서울특별시 서초구 헌릉로8길 42","ST-744",37.45435715,127.0621033
"서울특별시 서초구 사평대로 지하 285","ST-745",37.50509644,127.0131073
"서울특별시 서초구 고무래로 89 반포써밋","ST-746",37.50065231,127.0186157
"서울특별시 서초구 신반포로 지하 188","ST-747",37.5022316,127.0022583
"서울특별시 서초구 신반포로 지하 105","ST-748",37.50411606,126.9974899
"서울특별시 서초구 나루터로4길 60","ST-749",37.51304626,127.0059586
"서울특별시 서초구 신반포로 지하 188","ST-750",37.50619888,127.0039444
"서울특별시 서초구 신반포로 10","ST-751",37.50061417,126.9861603
"서울특별시 서초구 방배로 110","ST-752",37.48561096,126.9946823
"서울특별시 동작구 동작대로 지하 3","ST-753",37.47806931,126.9820328
"서울특별시 서초구 남부순환로 2183","ST-754",37.47261047,126.9830093
"서울특별시 서초구 방배로9길 23","ST-755",37.4737587,126.9952469
"서울특별시 서초구 방배로1길 9","ST-756",37.47518158,127.0013886
"서울특별시 서초구 서초대로 지하 103","ST-757",37.48905182,126.9925232
"서울특별시 서초구 방배중앙로 131","ST-758",37.48958588,126.9867249
"서울특별시 서초구 방배천로 126","ST-759",37.48701096,126.9849625
"서울특별시 마포구 월드컵북로 502-36","ST-76",37.58618927,126.8816147
"서울특별시 동작구 사당로 지하 310","ST-760",37.4858284,126.9826279
"서울특별시 서초구 서초대로 405","ST-761",37.49691391,127.0249634
"서울특별시 서초구 효령로36길 22","ST-762",37.49111176,127.0229569
"서울특별시 서초구 사평대로 73","ST-763",37.48215866,127.0027008
"서울특별시 서초구 서초중앙로 지하 31","ST-764",37.48455811,127.0148697
"서울특별시 서초구 서초대로 지하 294","ST-765",37.49421692,127.0137863
"서울특별시 강남구 논현로 201","ST-766",37.48537827,127.0417023
"서울특별시 서초구 남부순환로 지하 2585","ST-767",37.48398972,127.0341797
"서울특별시 서초구 강남대로 193","ST-768",37.48149109,127.0367279
"서울특별시 서초구 바우뫼로1길 35","ST-769",37.47785187,127.0389099
"서울특별시 마포구 월드컵북로 501","ST-77",37.58285522,126.8798218
"서울특별시 서초구 바우뫼로18길 14","ST-770",37.47361374,127.03051
"서울특별시 서초구 태봉로2길 24","ST-771",37.46263885,127.026619
"서울특별시 서초구 매헌로 지하 116","ST-772",37.47043991,127.0388565
"서울특별시 서초구 강남대로 27","ST-773",37.46768951,127.0403595
"서울특별시 서초구 청계산로 10","ST-774",37.46268845,127.0461121
"서울특별시 강남구 논현로2길 22","ST-775",37.47153854,127.0505905
"서울특별시 서초구 나루터로4길 60","ST-776",37.51659775,127.0095902
"서울특별시 강남구 압구정로 134","ST-777",37.52407074,127.0217896
"서울특별시 강남구 헌릉로 623","ST-778",37.46531677,127.1077271
"서울특별시 강남구 헌릉로590길 10","ST-779",37.46506119,127.1011963
"서울특별시 마포구 가양대로 189","ST-78",37.58559036,126.8847275
"서울특별시 서초구 잠원로4길 지하 46","ST-780",37.51298904,127.0111771
"서울특별시 서초구 바우뫼로12길 70","ST-781",37.46750641,127.0344772
"서울특별시 강남구 영동대로 101","ST-782",37.49207687,127.0719757
"서울특별시 강남구 학동로 443","ST-783",37.51890182,127.0493851
"서울특별시 강남구 영동대로112길 66","ST-784",37.51588821,127.0662003
"서울특별시 강남구 자곡로 101","ST-785",37.47291946,127.0958862
"서울특별시 강남구 학동로 지하 508","ST-786",37.51777267,127.0430222
"서울특별시 강남구 봉은사로 지하 102","ST-787",37.5055809,127.0242767
"서울특별시 강남구 학동로 지하 102","ST-788",37.51151657,127.0214768
"서울특별시 강남구 언주로 626","ST-789",37.51252747,127.0358353
"서울특별시 마포구 월드컵북로60길 17","ST-79",37.58348083,126.8866959
"서울특별시 강남구 언주로 734","ST-790",37.52064133,127.0345078
"서울특별시 강남구 압구정로 지하 172","ST-791",37.5271225,127.028717
"서울특별시 강남구 압구정로 321","ST-792",37.52861404,127.038559
"서울특별시 강남구 압구정로 311","ST-793",37.52930069,127.0355988
"서울특별시 강남구 학동로 지하 508","ST-794",37.52361298,127.0401764
"서울특별시 강남구 영동대로 703","ST-795",37.52058029,127.0563278
"서울특별시 강남구 도산대로 539","ST-796",37.52511597,127.0524674
"서울특별시 강남구 테헤란로 501","ST-797",37.50723267,127.0568543
"서울특별시 강남구 영동대로128길 59","ST-798",37.52127457,127.0610352
"서울특별시 강남구 봉은사로 지하 601","ST-799",37.51424789,127.0611191
"서울특별시 마포구 독막로 4","ST-8",37.54864502,126.9128265
"서울특별시 마포구 월드컵북로60길 13","ST-80",37.58265686,126.885788
"서울특별시 강남구 영동대로 502","ST-800",37.50957489,127.0634079
"서울특별시 강남구 봉은사로 531","ST-801",37.51357651,127.0550308
"서울특별시 강남구 테헤란로 435","ST-802",37.50660706,127.0546799
"서울특별시 강남구 남부순환로 지하 2814","ST-803",37.4919281,127.0569687
"서울특별시 강남구 남부순환로 지하 3104","ST-804",37.49611664,127.0694428
"서울특별시 강남구 테헤란로 534","ST-805",37.50809097,127.0631027
"서울특별시 강남구 영동대로 308","ST-806",37.50221252,127.0672073
"서울특별시 강남구 도곡로 540","ST-807",37.50043869,127.0662231
"서울특별시 강남구 도곡로 447","ST-808",37.4986496,127.0593185
"서울특별시 강남구 삼성로 350","ST-809",37.50239563,127.0587997
"서울특별시 마포구 상암산로1길 92","ST-81",37.58131409,126.8805847
"서울특별시 강남구 강남대로 308","ST-810",37.49055099,127.0314636
"서울특별시 강남구 언주로 506","ST-811",37.50358582,127.0426407
"서울특별시 강남구 테헤란로 지하 156","ST-812",37.50235748,127.04319
"서울특별시 강남구 도곡로 183","ST-813",37.49219894,127.0394592
"서울특별시 강남구 언주로 337","ST-814",37.49805069,127.0446014
"서울특별시 강남구 선릉로 435","ST-815",37.50420761,127.0489655
"서울특별시 강남구 강남대로 240","ST-816",37.48515701,127.0340729
"서울특별시 강남구 선릉로 지하 228","ST-817",37.49375916,127.0458984
"서울특별시 강남구 남부순환로 2748","ST-818",37.48676682,127.0467606
"서울특별시 강남구 선릉로 지하 228","ST-819",37.49423599,127.0474625
"서울특별시 마포구 월드컵로 212","ST-82",37.56590271,126.9011841
"서울특별시 강남구 언주로 107","ST-820",37.48326111,127.0522995
"서울특별시 강남구 논현로 82","ST-821",37.47750854,127.0451737
"서울특별시 강남구 일원로 127","ST-822",37.4833107,127.0849381
"서울특별시 강남구 개포로 623","ST-823",37.49400711,127.0795136
"서울특별시 강서구 방화대로 342","ST-824",37.57303238,126.816452
"서울특별시 성북구 동소문로 1","ST-825",37.58876419,127.0063095
"서울특별시 성북구 성북로 132-1","ST-826",37.59440231,126.9923096
"서울특별시 성북구 안암로 69","ST-827",37.58259201,127.0289764
"서울특별시 강서구 방화대로 241","ST-828",37.56268311,126.8162384
"서울특별시 강서구 화곡로 지하 168","ST-829",37.54141235,126.8402252
"서울특별시 마포구 상암산로1길 71","ST-83",37.58063126,126.8836746
"서울특별시 강동구 양재대로 1330 주공아파트","ST-830",37.52458954,127.1354218
"서울특별시 강서구 금낭화로 135","ST-831",37.57722092,126.8121948
"서울특별시 강서구 방화대로47가길 22","ST-832",37.57721329,126.8135529
"서울특별시 강서구 공항대로59길 8","ST-833",37.55166626,126.86409
"서울특별시 강서구 공항대로 329","ST-834",37.55819702,126.8442612
"서울특별시 강서구 강서로 304","ST-835",37.55291367,126.8365707
"서울특별시 강서구 곰달래로37길 13","ST-836",37.53178024,126.8544846
"서울특별시 강서구 강서로 지하 54","ST-837",37.53255081,126.8463211
"서울특별시 송파구 송파대로 지하 257","ST-838",37.49317932,127.1185455
"서울특별시 송파구 송파대로 지하 354","ST-839",37.49941254,127.1128693
"서울특별시 마포구 월드컵북로 424","ST-84",37.58081055,126.8866501
"서울특별시 송파구 석촌호수로12길 3-5","ST-840",37.51408768,127.0990295
"서울특별시 성북구 성북로 62","ST-841",37.59275818,127.0023575
"서울특별시 성북구 동소문로 2","ST-842",37.58844757,127.0067062
"서울특별시 성북구 동소문로22길 4","ST-843",37.59252167,127.0176773
"서울특별시 성북구 인촌로 16","ST-844",0,0
"서울특별시 성북구 인촌로 95","ST-845",37.58627319,127.0298767
"서울특별시 성북구 솔샘로17길 8","ST-846",37.6127739,127.0065308
"서울특별시 중랑구 공릉로 12","ST-847",37.61151123,127.0778885
"서울특별시 중랑구 동일로 지하 901","ST-848",37.61072159,127.0774765
"서울특별시 중랑구 사가정로 지하 393","ST-849",37.58164597,127.0884323
"서울특별시 마포구 월드컵북로47길 10","ST-85",37.56624603,126.8961792
"서울특별시 중랑구 면목로 480","ST-850",37.59521866,127.0859985
"서울특별시 중랑구 면목로 460","ST-851",37.5932312,127.0869141
"서울특별시 중랑구 용마산로 지하 227","ST-852",37.57429886,127.0869141
"서울특별시 중랑구 숙선옹주로 66","ST-853",37.61602402,127.085968
"서울특별시 중랑구 동일로 778","ST-854",37.59995651,127.0800018
"서울특별시 중랑구 봉화산로 179","ST-855",37.60615158,127.092598
"서울특별시 중랑구 봉화산로 194","ST-856",37.60649872,127.0954514
"서울특별시 중랑구 동일로 지하 797","ST-857",37.60207748,127.0795822
"서울특별시 강북구 덕릉로40길 48","ST-858",0,0
"서울특별시 강북구 한천로 935","ST-859",37.63437653,127.0357513
"서울특별시 마포구 월드컵북로 396","ST-86",37.57939911,126.8891602
"서울특별시 강북구 오현로25마길 27","ST-860",37.63371658,127.0355148
"서울특별시 강북구 오현로31길 85-7","ST-861",37.63112259,127.0360336
"서울특별시 강북구 한천로150길 67","ST-862",37.64473724,127.0265656
"서울특별시 강북구 도봉로89길 13","ST-863",37.63967133,127.0251999
"서울특별시 도봉구 삼양로 574","ST-864",37.65447235,127.0127564
"서울특별시 강북구 삼양로155길 9-7","ST-865",37.6616478,127.0133438
"서울특별시 노원구 월계로 378","ST-866",37.63162231,127.061615
"서울특별시 노원구 노원로22길 1","ST-867",37.64820862,127.070221
"서울특별시 노원구 동일로 1652","ST-868",37.67361832,127.0552521
"서울특별시 노원구 동일로 지하 1662","ST-869",37.67625046,127.0555039
"서울특별시 마포구 월드컵로 240","ST-87",37.56842041,126.8994293
"서울특별시 구로구 경인로40길 47","ST-870",37.49428177,126.8592148
"서울특별시 구로구 서해안로 2340-10","ST-871",37.49393845,126.8440552
"서울특별시 구로구 경인로3길 지하 64","ST-872",37.49279022,126.8245239
"서울특별시 구로구 구로중앙로 174","ST-873",37.50311661,126.8803864
"서울특별시 구로구 천왕로 9","ST-874",37.48028946,126.8395004
"서울특별시 구로구 오리로 1102-10","ST-875",37.48210526,126.845726
"서울특별시 구로구 오리로 지하 1154","ST-876",37.48638535,126.8392105
"서울특별시 동작구 노량진로 191","ST-877",37.51335907,126.9480591
"서울특별시 동작구 사당로 지하 218","ST-878",37.48447037,126.9714279
"서울특별시 서초구 바우뫼로 43","ST-879",37.47192764,127.0268402
"서울특별시 마포구 상암산로1길 26","ST-88",37.57749557,126.8877716
"서울특별시 서초구 양재대로2길 74","ST-880",37.45623398,127.0193481
"서울특별시 서초구 양재대로2길 74","ST-881",37.4557991,127.0162888
"서울특별시 양천구 가로공원로 지하 133","ST-882",37.48622513,126.9358292
"서울특별시 관악구 남부순환로 1369","ST-883",37.47991562,126.9028397
"서울특별시 관악구 관악로 217","ST-884",37.48425674,126.9546967
"서울특별시 관악구 신림로 137","ST-885",37.47229385,126.9334106
"서울특별시 관악구 신림로 67","ST-886",37.4706955,126.9421997
"서울특별시 관악구 남부순환로 지하 1928","ST-887",37.47702789,126.9633942
"서울특별시 관악구 인헌3가길 8","ST-888",37.47388077,126.9673615
"서울특별시 서초구 태봉로 131","ST-889",37.46920013,127.029007
"서울특별시 마포구 월드컵로 지하240","ST-89",37.57072067,126.8989792
"서울특별시 서초구 매헌로 16","ST-890",37.46332169,127.0360413
"서울특별시 송파구 올림픽로 293-19","ST-891",37.51312637,127.1009598
"서울특별시 송파구 양재대로 지하 1127","ST-892",37.50896835,127.1258392
"서울특별시 송파구 마천로57길 지하 7","ST-893",37.49546051,127.1532898
"서울특별시 송파구 올림픽로35길 16","ST-894",37.52007675,127.1123657
"서울특별시 송파구 오금로 지하 499","ST-895",37.49312592,127.1438217
"서울특별시 송파구 거마로 51","ST-896",37.49769974,127.1462021
"서울특별시 송파구 동남로 203","ST-897",37.49567032,127.1305924
"서울특별시 송파구 법원로 101","ST-898",37.48376083,127.1170807
"서울특별시 송파구 정의로 30","ST-899",37.48084259,127.1180115
"서울특별시 마포구 월드컵북로 35","ST-9",37.55751038,126.9185028
"서울특별시 마포구 월드컵북로 366","ST-90",37.5779953,126.8914719
"서울특별시 송파구 새말로 62","ST-900",37.48057556,127.1185684
"서울특별시 송파구 새말로 62","ST-901",37.48123932,127.1197968
"서울특별시 송파구 법원로 101","ST-902",37.48209,127.1197434
"서울특별시 송파구 법원로 101","ST-903",37.4845314,127.120163
"서울특별시 송파구 법원로 101","ST-904",37.48153687,127.1221237
"서울특별시 송파구 법원로 101","ST-905",37.47946548,127.1253281
"서울특별시 송파구 송파대로 지하 82","ST-906",37.47750854,127.1263275
"서울특별시 송파구 법원로 101","ST-907",37.4788208,127.1235123
"서울특별시 송파구 위례성대로 114","ST-908",37.51396179,127.1216736
"서울특별시 송파구 도곡로 446","ST-909",37.50546265,127.0773468
"서울특별시 마포구 매봉산로 37","ST-91",37.57580185,126.8907394
"서울특별시 성북구 월곡로 지하 107","ST-910",37.6026268,127.0416336
"서울특별시 성북구 월곡로 지하 107","ST-911",37.60184097,127.0417175
"서울특별시 중랑구 면목로 456","ST-912",37.59254074,127.0867386
"서울특별시 노원구 석계로 98-2","ST-913",37.62266159,127.0618973
"서울특별시 노원구 상계로 182","ST-914",37.65999985,127.0729675
"서울특별시 노원구 동일로 지하 1662","ST-915",37.67694092,127.0550995
"서울특별시 도봉구 도봉로 683","ST-916",37.66566467,127.0426712
"서울특별시 금천구 벚꽃로 309","ST-917",37.48014832,126.8837814
"서울특별시 구로구 도림천로 351","ST-918",37.49440384,126.8944473
"서울특별시 구로구 경인로 445","ST-919",37.49988937,126.8676987
"서울특별시 마포구 매봉산로 8","ST-92",37.57147598,126.8896866
"서울특별시 구로구 경인로40길 47","ST-920",37.49499512,126.8582535
"서울특별시 동작구 상도로 지하 378","ST-921",37.49609375,126.954071
"서울특별시 동작구 성대로14길 46","ST-922",37.49679947,126.9528732
"서울특별시 동작구 사당로 지하 310","ST-923",37.48550797,126.9816208
"서울특별시 동작구 동작대로 지하 3","ST-924",37.47689056,126.9805756
"서울특별시 서초구 청계산로 지하 179","ST-925",37.44765854,127.0550156
"서울특별시 서초구 헌릉로 226","ST-926",37.45440674,127.0649262
"서울특별시 서초구 고무래로 34","ST-927",37.50263596,127.0123138
"서울특별시 서초구 신반포로16길 30","ST-928",37.5017128,126.9954758
"서울특별시 서초구 양재대로2길 8","ST-929",37.45995331,127.0247421
"서울특별시 은평구 수색로 지하175","ST-93",37.57506943,126.8999176
"서울특별시 송파구 오금로 지하 499","ST-930",37.49334335,127.1447296
"서울특별시 성북구 동소문로13길 38","ST-931",37.59169388,127.012497
"서울특별시 동작구 현충로 지하 90","ST-932",37.50858688,126.9634934
"서울특별시 송파구 백제고분로 188","ST-933",37.50419998,127.087532
"서울특별시 관악구 신사로 7","ST-934",37.4846611,126.9039002
"서울특별시 서초구 동작대로 134","ST-935",37.48855591,126.9825745
"서울특별시 구로구 시흥대로 551","ST-936",37.48288345,126.9010391
"서울특별시 강남구 광평로 144","ST-937",37.48387909,127.0890274
"서울특별시 종로구 홍지문길 1","ST-938",37.60012817,126.9578323
"서울특별시 종로구 진흥로 499","ST-939",37.60399246,126.9619446
"서울특별시 마포구 매봉산로2길 16","ST-94",37.57822037,126.8944702
"서울특별시 종로구 평창문화로 65","ST-940",37.60627365,126.9686813
"서울특별시 종로구 평창문화로 119","ST-941",37.60871887,126.9728622
"서울특별시 중랑구 동일로 628","ST-942",37.58637238,127.0800705
"서울특별시 중구 을지로 지하 178","ST-943",37.5667305,126.9966049
"서울특별시 중구 퇴계로 212","ST-944",37.56138992,126.9953537
"서울특별시 중구 만리재로 211","ST-945",37.55696487,126.9685898
"서울특별시 중구 퇴계로 33","ST-946",37.55536652,126.9686432
"서울특별시 성북구 보문로 168","ST-947",37.58932877,127.0164337
"서울특별시 강북구 도봉로 196","ST-948",37.62607956,127.0264816
"서울특별시 서초구 동작대로 204 청남빌딩","ST-949",37.49474335,126.9830627
"서울특별시 마포구 성암로 지하184","ST-95",37.57746887,126.8973618
"서울특별시 관악구 시흥대로 560","ST-950",37.48319244,126.9020309
"서울특별시 관악구 신림로 114","ST-951",37.4711647,126.9370194
"서울특별시 금천구 남부순환로 1428","ST-952",37.48072052,126.9093247
"서울특별시 강남구 영동대로 647","ST-953",37.51978683,127.0567627
"서울특별시 강남구 학동로 지하 346","ST-954",37.51807022,127.0471191
"서울특별시 강남구 봉은사로 524","ST-955",37.50912094,127.0623093
"서울특별시 강남구 도곡로 205","ST-956",37.4928093,127.0413895
"서울특별시 강남구 개포로 303","ST-957",37.48138428,127.0539169
"서울특별시 강남구 논현로10길 29","ST-958",37.47560501,127.0503769
"서울특별시 강남구 테헤란로 지하 156","ST-959",37.50154495,127.0385666
"서울특별시 마포구 월드컵북로 502-7","ST-96",37.57566452,126.8944473
"서울특별시 강남구 선릉로69길 19","ST-960",37.49482346,127.047905
"서울특별시 강남구 언주로 726","ST-961",37.51863861,127.0354004
"서울특별시 강남구 언주로 721","ST-962",37.51758957,127.0350266
"서울특별시 강남구 학동로 342","ST-963",37.51681137,127.0404739
"서울특별시 노원구 화랑로 621 서울여자대학교","ST-964",37.62531662,127.0881348
"서울특별시 관악구 남부순환로 1830","ST-965",37.48086929,126.9533157
"서울특별시 강남구 언주로89길 7","ST-966",37.50194931,127.0427704
"서울특별시 성동구 자동차시장길 49","ST-967",37.55836487,127.0569077
"서울특별시 마포구 증산로 87","ST-968",37.56908417,126.8944244
"서울특별시 서초구 방배천로 54","ST-969",37.48129272,126.9824829
"서울특별시 광진구 능동로 지하210","ST-97",37.54706955,127.0742722
"서울특별시 노원구 마들로 86","ST-970",37.62155533,127.0695114
"서울특별시 노원구 마들로 86","ST-971",37.62386322,127.0684891
"서울특별시 광진구 능동로 120","ST-972",37.53989029,127.0733643
"서울특별시 광진구 능동로 120","ST-973",37.54277802,127.0753708
"서울특별시 광진구 능동로 120","ST-974",37.54191208,127.0776367
"서울특별시 강서구 마곡서1로 111-12","ST-975",37.56728363,126.8182755
"서울특별시 관악구 신림동 1422-43","ST-976",37.48450851,126.930069
"서울특별시 중구 세종대로19길 16","ST-977",37.56543732,126.9733048
"서울특별시 종로구 효자로13길 45","ST-978",37.58360291,126.9725494
"서울특별시 종로구 청와대로 73","ST-979",37.58351517,126.9796677
"서울특별시 광진구 능동로 76","ST-98",37.53730774,127.0703507
"서울특별시 광진구 자양강변길 301","ST-980",37.52858734,127.0778732
"서울특별시 송파구 중대로 16","ST-981",37.48987198,127.1108398
"서울특별시 마포구 월드컵로 251","ST-982",37.56422424,126.897522
"서울특별시 광진구 능동로 313","ST-983",37.55758667,127.0796967
"서울특별시 광진구 자양로 131","ST-984",37.53950119,127.0830002
"서울특별시 광진구 능동로 지하 417","ST-985",37.56565857,127.0842972
"서울특별시 광진구 아차산로78길 7","ST-986",37.55048752,127.1089554
"서울특별시 광진구 아차산로 304","ST-987",37.53805161,127.0765991
"서울특별시 광진구 능동로 42","ST-988",37.5352211,127.0683975
"서울특별시 월드컵로5길 11","ST-989",0,0
"서울특별시 광진구 능동로 10","ST-99",37.53186035,127.0671921
"서울특별시 상암동 1715-29","ST-990",37.57361984,126.8980484
"서울특별시 마포구 성암로330","ST-991",37.58450317,126.8855972
"서울특별시 마포구 마포대로 163","ST-992",37.54906082,126.9541779
"서울특별시 양천구 신월로 328","ST-993",37.52143478,126.8573837
"서울특별시 양천구 목동서로161","ST-994",37.52916336,126.8727493
"서울특별시 양천구 신정동 621-14","ST-995",37.51068115,126.857399
"서울특별시 양천구 남부순환로88길5-16","ST-996",37.52433395,126.8505478
"서울특별시 양천구 목동중앙로 49 ","ST-997",37.5343895,126.8695984
"서울특별시 양천구 목동서로 130 ","ST-998",0,0
"서울특별시 양천구 목동서로 280","ST-999",0,0
